Date,Temperature,Precipitation,Humidity,Latitude,Longitude,Is_Hot,Temp_Fahrenheit
2023-01-01 14:00:00,11.0,0,52.9,77.24604909810373,-129.86853451750656,0,51.8
2023-01-01 18:00:00,11.5,0,54.9,71.38343852442183,96.39526237716156,0,52.7
2023-01-02 03:00:00,13.1,5,57.6,-43.45351359573888,-28.183457690670103,0,55.58
2023-01-02 04:00:00,10.4,0,42.9,-10.253932859228508,-40.5996691643255,0,50.72
2023-01-02 04:00:00,6.7,5,60.8,-14.689883991899968,-61.42346305125274,0,44.06
2023-01-02 10:00:00,6.9,0,58.8,-18.086618774351734,-155.45281688443342,0,44.42
2023-01-02 11:00:00,6.9,0,56.9,-27.88492580761793,-21.36064196725432,0,44.42
2023-01-02 18:00:00,9.8,0,58.9,-36.655629567608095,-135.41543038590572,0,49.64
2023-01-03 07:00:00,13.9,15,54.9,-66.20766160430308,-66.07543288521018,0,57.02
2023-01-03 11:00:00,10.1,0,47.7,-85.46416293220747,-98.94203128226452,0,50.18
2023-01-03 16:00:00,9.3,15,45.6,-11.12784961529799,75.37997585677904,0,48.74
2023-01-04 01:00:00,8.3,0,41.4,31.64812651873325,-126.5375586082749,0,46.94
2023-01-04 12:00:00,12.4,0,59.7,63.20713237667671,92.32239167600824,0,54.32
2023-01-04 17:00:00,16.6,0,50.1,-66.9013448060224,63.58220407890233,0,61.88
2023-01-05 02:00:00,11.5,0,48.1,32.33397283112585,16.706546716367548,0,52.7
2023-01-05 10:00:00,9.8,0,49.6,-50.30923258158352,95.27434213855446,0,49.64
2023-01-05 19:00:00,10.3,0,49.1,58.91438695270426,-94.50601013902175,0,50.54
2023-01-05 23:00:00,6.3,15,45.5,86.2472799181108,-58.92357806267993,0,43.34
2023-01-06 19:00:00,13.9,0,63.3,28.56917497086399,-64.65553698952263,0,57.02
2023-01-08 03:00:00,8.8,0,53.1,58.6916432186914,78.92827220729947,0,47.84
2023-01-08 10:00:00,12.3,0,46.3,7.955759250666395,143.2638778266069,0,54.14
2023-01-08 14:00:00,10.7,0,49.2,-57.387009770985095,-56.83226395971782,0,51.26
2023-01-08 18:00:00,9.5,0,57.4,-25.114589074520303,-136.33092071800772,0,49.1
2023-01-09 07:00:00,12.5,0,55.7,-44.48553871497999,96.99932859176045,0,54.5
2023-01-09 23:00:00,12.6,0,58.1,-66.42472626104866,96.74896729050464,0,54.68
2023-01-10 15:00:00,9.6,0,49.4,-29.258229786438783,83.25021216505503,0,49.28
2023-01-10 15:00:00,6.3,0,55.8,7.4473957633388865,-23.56885321038167,0,43.34
2023-01-11 02:00:00,16.1,0,39.3,78.46870468474071,-79.55701547479322,0,60.980000000000004
2023-01-11 20:00:00,12.4,0,54.7,55.02861462027922,-44.26058483938843,0,54.32
2023-01-12 09:00:00,18.1,0,43.2,31.15658356401906,154.859473030518,0,64.58
2023-01-12 13:00:00,13.6,15,43.9,67.3753201446745,-14.281541768604573,0,56.48
2023-01-13 17:00:00,10.1,0,45.0,-38.169838318321354,-90.50224153920972,0,50.18
2023-01-13 20:00:00,14.1,0,74.1,30.459425386476006,-176.46208107487638,0,57.379999999999995
2023-01-13 21:00:00,18.6,0,68.9,-8.246940707392907,147.57485693749868,0,65.48
2023-01-14 23:00:00,11.6,15,59.2,-31.62071207672676,19.01335525860567,0,52.879999999999995
2023-01-15 07:00:00,12.9,0,51.2,-84.9865966522066,-165.62788827704955,0,55.22
2023-01-15 15:00:00,14.4,20,50.1,21.45109236585061,-106.27113273976458,0,57.92
2023-01-15 16:00:00,15.6,0,61.5,9.119408299353276,157.70309024452726,0,60.08
2023-01-16 04:00:00,16.9,0,47.1,88.2598146828567,-162.1418729941862,0,62.42
2023-01-16 04:00:00,14.7,0,52.6,-44.84176201967396,107.20968528278613,0,58.459999999999994
2023-01-16 19:00:00,17.3,0,50.7,-87.96554341397595,-6.263555161852552,0,63.14
2023-01-17 13:00:00,6.2,0,55.5,32.79450406591778,-131.86956441620296,0,43.16
2023-01-17 14:00:00,7.1,0,49.5,22.62274420704347,74.74341086659271,0,44.78
2023-01-18 01:00:00,17.3,0,51.0,-6.48329432996027,145.90763964378556,0,63.14
2023-01-18 03:00:00,13.9,0,51.2,55.828996192746445,10.334635158258942,0,57.02
2023-01-18 09:00:00,12.5,0,60.9,-57.45867289877168,-74.64416483973318,0,54.5
2023-01-18 17:00:00,15.5,0,85.6,89.59489002183611,-155.2485936879045,0,59.9
2023-01-18 19:00:00,16.3,0,58.1,-30.92769309642984,-38.40455866133207,0,61.34
2023-01-19 16:00:00,14.4,0,48.9,-26.042445274700217,41.55148073550075,0,57.92
2023-01-19 22:00:00,24.1,0,63.2,25.470806626125302,-109.264691895764,0,75.38
2023-01-20 00:00:00,12.9,0,57.0,36.37934174048267,-166.17568416251595,0,55.22
2023-01-20 03:00:00,15.8,0,60.4,-62.74218341340661,-72.77061657952395,0,60.440000000000005
2023-01-20 07:00:00,11.1,15,58.4,70.11347598787737,93.60199618635544,0,51.98
2023-01-20 10:00:00,12.9,0,59.1,60.8814757947241,-70.78120429351206,0,55.22
2023-01-20 12:00:00,13.6,10,69.4,-48.631189356428685,88.27730736870043,0,56.48
2023-01-20 15:00:00,18.1,0,65.9,-39.84424863929345,-46.71641315355238,0,64.58
2023-01-21 18:00:00,10.9,0,73.2,-62.63125786359148,-67.65694392527257,0,51.620000000000005
2023-01-21 22:00:00,9.1,0,44.5,-15.7896489903002,78.21427531167231,0,48.379999999999995
2023-01-22 00:00:00,14.4,0,62.1,-79.73515547934852,-114.96328512793086,0,57.92
2023-01-22 03:00:00,18.7,0,56.9,47.97491691989289,58.08336442010079,0,65.66
2023-01-23 20:00:00,12.0,5,61.6,13.834328603886044,135.32577299996206,0,53.6
2023-01-23 21:00:00,11.5,0,66.5,-27.44661684352417,163.9613489177043,0,52.7
2023-01-24 01:00:00,15.2,0,60.5,-12.877577307216818,-93.31062621365764,0,59.36
2023-01-24 02:00:00,13.6,0,57.3,-48.0000919231212,-141.7822727229118,0,56.48
2023-01-24 16:00:00,15.2,5,79.0,15.903399776967596,164.56853971432662,0,59.36
2023-01-24 22:00:00,17.5,0,62.7,-77.19197780197625,1.621052659740876,0,63.5
2023-01-25 02:00:00,14.2,5,53.7,-38.12678532728469,-96.17091952460608,0,57.56
2023-01-25 09:00:00,17.5,0,71.0,32.12999429267481,-153.58893571454303,0,63.5
2023-01-26 07:00:00,13.1,0,54.2,-63.84119536430926,111.59234772605008,0,55.58
2023-01-26 10:00:00,20.3,0,67.1,15.840083417333116,165.86866899768796,0,68.54
2023-01-28 16:00:00,21.3,0,67.8,-49.27096259942648,-25.50618289500413,0,70.34
2023-01-28 23:00:00,21.6,0,62.9,31.5820881605566,-83.9539622038209,0,70.88
2023-01-29 02:00:00,24.6,5,56.6,89.92038658507894,-119.2109531866578,0,76.28
2023-01-29 04:00:00,16.0,0,60.7,47.24045256147632,-132.94176350768737,0,60.8
2023-01-29 13:00:00,17.5,0,51.3,-54.675770992890186,173.8608766396923,0,63.5
2023-01-30 00:00:00,18.5,0,59.9,-21.421570739688015,106.71860214845184,0,65.3
2023-01-30 21:00:00,21.8,0,66.3,22.08411737096354,90.76115977091094,0,71.24000000000001
2023-01-31 01:00:00,19.7,0,58.4,-12.36569285861737,-177.82306445376776,0,67.46
2023-01-31 06:00:00,19.8,5,75.0,-26.020919274468884,72.56349561705923,0,67.64
2023-01-31 13:00:00,18.6,0,61.8,-1.8675968309559376,-26.112049859991934,0,65.48
2023-02-01 19:00:00,25.2,0,53.3,-68.72064798760405,-68.51098400213192,1,77.36
2023-02-03 05:00:00,17.2,0,47.2,55.78639565452188,-52.27297572370007,0,62.959999999999994
2023-02-03 09:00:00,20.7,0,55.5,-7.357675808397439,16.936324421607978,0,69.25999999999999
2023-02-03 16:00:00,18.6,20,48.4,61.95821855150576,153.38144153457557,0,65.48
2023-02-04 22:00:00,13.9,0,67.0,9.62491971777298,-19.322510404837956,0,57.02
2023-02-05 06:00:00,20.6,0,64.0,-2.1280184440534766,28.55282500384592,0,69.08
2023-02-05 22:00:00,20.2,5,59.5,-44.58385312745632,-158.95512459472428,0,68.36
2023-02-06 07:00:00,19.5,0,67.4,-52.4104316109738,-115.50098941554567,0,67.1
2023-02-06 15:00:00,17.8,0,78.6,18.56702162213046,-149.2549091414202,0,64.04
2023-02-06 18:00:00,18.9,15,57.6,-59.23144756424731,94.38285138539209,0,66.02
2023-02-06 21:00:00,19.0,0,72.9,-21.4286678957745,167.96103817699588,0,66.2
2023-02-07 07:00:00,16.1,10,51.6,-52.50322979846677,-158.07400443533422,0,60.980000000000004
2023-02-07 17:00:00,21.0,0,70.6,-67.32806465171551,-9.083157824285554,0,69.8
2023-02-07 17:00:00,17.0,5,63.7,42.99600188394588,-72.84590007541904,0,62.6
2023-02-07 19:00:00,24.8,0,57.8,-5.747570237827777,129.06232363855963,0,76.64
2023-02-07 22:00:00,15.9,0,60.2,-10.296335422127258,-23.305579323640615,0,60.62
2023-02-08 01:00:00,14.5,0,57.4,-36.48830322936123,21.508078080122985,0,58.1
2023-02-09 00:00:00,24.9,0,53.8,-89.24626014696759,-81.54917446500727,0,76.82
2023-02-09 00:00:00,19.4,0,61.0,-33.25690176309885,156.74201628040754,0,66.92
2023-02-09 19:00:00,21.3,0,52.6,-33.23452621209885,-19.903400330999123,0,70.34
2023-02-10 05:00:00,19.6,5,81.7,45.92405114013526,94.28036197589424,0,67.28
2023-02-10 09:00:00,22.6,0,45.2,20.06345002061895,-90.00975928722131,0,72.68
2023-02-10 17:00:00,14.1,20,75.1,-36.7322347014091,-66.40805496127122,0,57.379999999999995
2023-02-11 04:00:00,18.6,0,74.5,-78.87447707593992,149.40055358910982,0,65.48
2023-02-11 05:00:00,19.0,0,64.2,14.276603999148817,-67.61169483511341,0,66.2
2023-02-11 05:00:00,17.1,0,56.1,7.250200773735791,-78.54299881363008,0,62.78
2023-02-11 10:00:00,24.3,0,76.0,13.14759611142282,86.96379904805865,0,75.74000000000001
2023-02-11 11:00:00,20.1,0,69.1,-14.733938130696062,112.25041860631907,0,68.18
2023-02-12 14:00:00,18.6,0,61.5,72.43258969992145,25.507417060354168,0,65.48
2023-02-12 18:00:00,19.6,0,48.8,-17.4220860269119,68.41687982740186,0,67.28
2023-02-13 03:00:00,17.5,0,54.5,-31.76452575261153,-151.3025736525774,0,63.5
2023-02-13 06:00:00,24.9,0,77.1,-78.73832840049872,-148.3962346590624,0,76.82
2023-02-13 07:00:00,20.0,0,67.6,-14.398019226780686,-75.69792585424274,0,68.0
2023-02-13 11:00:00,21.3,20,66.3,-89.79982304468626,126.73742968968944,0,70.34
2023-02-13 17:00:00,19.6,0,63.1,12.98213346999713,-23.39474603751958,0,67.28
2023-02-13 20:00:00,22.4,0,37.4,-4.1690020080376105,-8.285978657644645,0,72.32
2023-02-14 02:00:00,23.9,0,72.2,14.128651481279412,-49.17458448020628,0,75.02
2023-02-14 09:00:00,24.8,0,79.7,2.4674139387548677,-161.58041767962868,0,76.64
2023-02-14 09:00:00,16.8,0,57.5,59.67329996020024,95.88499671767484,0,62.24
2023-02-14 10:00:00,20.6,0,52.7,-19.486358898789927,-56.510383467591225,0,69.08
2023-02-14 14:00:00,17.5,0,72.7,-41.61642929456433,16.35406207621671,0,63.5
2023-02-14 22:00:00,23.1,0,48.5,17.450140214371064,-14.989147406529778,0,73.58
2023-02-15 00:00:00,26.2,0,64.3,-68.33023581796398,150.91489117934103,1,79.16
2023-02-16 01:00:00,20.7,0,43.5,-18.719826050589266,2.133288052701796,0,69.25999999999999
2023-02-16 04:00:00,13.4,0,61.5,34.62377510779455,-153.03749687928587,0,56.120000000000005
2023-02-17 00:00:00,18.9,0,60.8,4.45241477905779,-51.41075976250386,0,66.02
2023-02-17 02:00:00,18.3,0,44.9,-47.25385978459365,-49.32617745460621,0,64.94
2023-02-17 10:00:00,20.1,0,76.0,78.92678847854782,-56.667210187992545,0,68.18
2023-02-17 13:00:00,18.9,0,61.2,69.51271898328213,-140.44927905331815,0,66.02
2023-02-17 19:00:00,20.4,0,59.0,78.17474055014824,138.1262283676763,0,68.72
2023-02-18 09:00:00,23.8,5,69.9,-88.85177218681368,12.44131889627112,0,74.84
2023-02-19 01:00:00,22.9,0,68.7,-88.76196680046313,-96.21779439040134,0,73.22
2023-02-19 04:00:00,20.9,0,70.6,-47.13360234017466,160.46989280133485,0,69.62
2023-02-20 14:00:00,25.6,0,53.9,11.83409111039206,-98.71576122577352,1,78.08
2023-02-20 16:00:00,19.4,15,48.6,52.66706637764425,52.461015606379306,0,66.92
2023-02-20 18:00:00,23.1,0,72.3,66.72392198233908,97.1087842285514,0,73.58
2023-02-20 19:00:00,19.6,15,82.8,65.89827816801024,94.39634099310372,0,67.28
2023-02-20 23:00:00,24.4,0,63.8,-17.56687332612389,-38.9480779378182,0,75.92
2023-02-21 00:00:00,20.8,0,76.4,-57.4394577517983,-54.783954924103455,0,69.44
2023-02-21 22:00:00,21.6,0,67.3,45.43161881468182,-66.20352784309061,0,70.88
2023-02-21 22:00:00,26.1,0,54.7,53.26674968583043,-71.11212571387091,1,78.98
2023-02-22 10:00:00,17.2,0,57.9,61.05247109645375,-142.05550413727357,0,62.959999999999994
2023-02-23 05:00:00,20.7,5,60.8,77.19471897220181,-137.52990589389785,0,69.25999999999999
2023-02-23 13:00:00,17.0,0,54.9,81.0959077717936,28.275054553271325,0,62.6
2023-02-23 23:00:00,25.1,5,64.7,81.26006861935656,27.021806445173283,1,77.18
2023-02-24 14:00:00,20.0,0,74.5,-1.292474784091573,13.822192543304762,0,68.0
2023-02-25 06:00:00,18.7,0,77.2,-34.60123704723316,-72.02541690969615,0,65.66
2023-02-25 17:00:00,20.6,0,66.5,23.416762835099412,-39.88489729556203,0,69.08
2023-02-26 12:00:00,22.0,0,53.0,-19.24129663930781,-49.22807339670831,0,71.6
2023-02-26 13:00:00,21.4,5,79.4,-56.72908836953551,-0.6001098140746075,0,70.52
2023-02-26 20:00:00,25.4,0,70.7,2.1073404806461515,-5.697708421173315,1,77.72
2023-02-26 22:00:00,23.9,0,62.5,-36.75166245062351,-56.42082393679863,0,75.02
2023-02-27 08:00:00,23.4,5,61.3,4.584655324060771,152.8710448063092,0,74.12
2023-02-27 11:00:00,21.1,0,72.3,-29.63311088085676,-3.2328854391923967,0,69.98
2023-02-28 05:00:00,23.4,5,57.5,25.52751302425836,-161.40335143872923,0,74.12
2023-02-28 18:00:00,23.9,0,76.0,-14.65069051470061,-162.28047076532582,0,75.02
2023-03-01 16:00:00,21.1,5,66.1,20.514655138541876,4.240964365013045,0,69.98
2023-03-01 18:00:00,24.0,0,74.4,29.144453874662076,4.461415463558365,0,75.2
2023-03-02 06:00:00,23.7,0,78.1,-35.56448796986345,60.795551174646725,0,74.66
2023-03-02 10:00:00,23.6,0,65.1,61.21945411905598,-93.93610173298931,0,74.48
2023-03-03 10:00:00,25.7,0,55.1,23.367717798247384,-170.87450246498216,1,78.25999999999999
2023-03-04 13:00:00,23.9,0,76.9,-60.95387549009104,35.032456199056256,0,75.02
2023-03-05 11:00:00,18.2,0,66.0,22.095612583171395,166.15826356952385,0,64.75999999999999
2023-03-05 13:00:00,21.2,0,73.4,9.85172459082377,9.393844770555134,0,70.16
2023-03-05 17:00:00,23.1,0,63.0,13.60681715521476,-70.52593105033782,0,73.58
2023-03-06 01:00:00,24.3,0,61.4,-81.90057217762362,-137.0842405773936,0,75.74000000000001
2023-03-06 02:00:00,28.2,0,70.6,84.58677456213435,-44.39648144539351,1,82.75999999999999
2023-03-06 03:00:00,24.1,0,60.3,-60.69762194287871,87.22520333530096,0,75.38
2023-03-06 09:00:00,22.1,0,76.9,-73.54404147291513,132.37275525092605,0,71.78
2023-03-06 22:00:00,23.8,0,87.9,50.31300625633143,-22.951430511423347,0,74.84
2023-03-07 13:00:00,18.3,0,70.8,51.726952466869136,-102.228681458494,0,64.94
2023-03-08 02:00:00,23.0,0,65.2,34.390046293067115,3.201865225156868,0,73.4
2023-03-08 11:00:00,21.9,15,65.6,-7.482343656341159,-96.81089296518137,0,71.42
2023-03-08 16:00:00,20.9,0,68.3,5.812537671261799,-120.85673642193268,0,69.62
2023-03-09 13:00:00,22.1,0,73.4,-83.71592052187971,118.33523417448232,0,71.78
2023-03-10 21:00:00,22.5,5,60.6,-2.7831608855980505,53.776375285184066,0,72.5
2023-03-11 02:00:00,24.5,0,62.6,1.06769777752052,-150.03969616509397,0,76.1
2023-03-11 06:00:00,26.5,0,53.1,38.65558975991025,94.8657037205564,1,79.7
2023-03-12 10:00:00,25.0,0,65.5,-18.384173456863103,78.28739662028838,0,77.0
2023-03-12 20:00:00,26.2,0,65.1,23.83132616379154,158.88038140328462,1,79.16
2023-03-13 03:00:00,21.2,20,46.7,-78.93966777645825,-11.01353688386709,0,70.16
2023-03-13 17:00:00,30.6,0,69.5,8.405222772983427,-177.48638572307468,1,87.08000000000001
2023-03-16 01:00:00,27.7,0,84.1,-3.8716073807059503,-44.20735831525007,1,81.86
2023-03-16 05:00:00,22.7,0,64.4,9.924081615573924,-121.19239809246366,0,72.86
2023-03-16 08:00:00,26.3,0,76.2,-55.81149543763904,35.21088482454505,1,79.34
2023-03-16 12:00:00,27.0,0,82.6,-25.59397511959325,69.61591386678687,1,80.6
2023-03-17 09:00:00,24.4,0,75.0,-21.9889415291064,-41.02166316533911,0,75.92
2023-03-17 18:00:00,24.3,0,71.3,-56.568047039066585,-29.269748402033684,0,75.74000000000001
2023-03-18 04:00:00,24.8,0,43.8,28.468768373563226,34.728147148875735,0,76.64
2023-03-18 21:00:00,20.1,0,76.5,-3.0274446035396707,156.4357970575856,0,68.18
2023-03-20 04:00:00,22.8,0,71.5,82.76238367287304,-19.613586782461972,0,73.04
2023-03-20 06:00:00,27.3,5,58.7,58.383080504882905,9.93167037797964,1,81.14
2023-03-20 08:00:00,20.2,0,63.3,18.164161018635497,-77.32591103505094,0,68.36
2023-03-20 14:00:00,23.1,0,70.6,-74.96551535759662,171.14773236650822,0,73.58
2023-03-21 08:00:00,20.8,5,74.8,89.20240208832381,113.99588755258446,0,69.44
2023-03-21 12:00:00,27.1,0,69.3,30.216223206146417,2.792821747884764,1,80.78
2023-03-21 20:00:00,29.3,0,52.4,30.82874854124385,-71.00095382209182,1,84.74
2023-03-21 23:00:00,26.1,0,61.4,-84.16017971150634,-72.69616757879851,1,78.98
2023-03-21 23:00:00,24.2,0,73.5,-33.31467997399877,-106.7274454007173,0,75.56
2023-03-22 21:00:00,20.9,10,64.8,46.12568245603818,0.7003458474630175,0,69.62
2023-03-23 08:00:00,21.9,0,72.2,10.114324673402097,-149.4121356397921,0,71.42
2023-03-23 10:00:00,24.0,5,73.2,29.13022532051967,-144.15130312558958,0,75.2
2023-03-23 17:00:00,30.5,0,78.6,-61.42738259262429,128.9962579963889,1,86.9
2023-03-24 13:00:00,23.4,0,81.8,-3.216222194428462,-119.67604585037766,0,74.12
2023-03-24 18:00:00,26.9,0,74.1,-36.66135565803599,-131.603966146962,1,80.42
2023-03-25 19:00:00,29.1,0,47.8,22.617142096909767,171.8843627461833,1,84.38000000000001
2023-03-26 06:00:00,25.4,0,59.9,39.97189155668135,-79.67004626573072,1,77.72
2023-03-27 00:00:00,24.5,0,77.8,-57.27980390087485,-132.38326256454658,0,76.1
2023-03-27 10:00:00,22.1,0,73.1,71.22418996799098,-64.05568732953729,0,71.78
2023-03-28 12:00:00,27.8,0,56.8,17.90300513856899,-59.4438155506854,1,82.04
2023-03-28 23:00:00,23.4,0,75.9,30.678180083445156,85.13034286286621,0,74.12
2023-03-29 06:00:00,25.6,0,80.4,-79.26888143796137,-101.71694440179506,1,78.08
2023-03-29 11:00:00,25.4,15,69.2,-17.96179034705904,85.65399683956811,1,77.72
2023-03-29 20:00:00,26.5,0,63.3,-87.01335348613239,158.75723612679735,1,79.7
2023-03-29 21:00:00,31.2,0,84.8,76.76348363211326,-51.48632539128101,1,88.16
2023-03-30 00:00:00,29.9,0,77.4,-40.45694741333851,9.017762488338468,1,85.82
2023-03-30 04:00:00,28.4,0,85.3,-28.627457141599507,47.07735126214343,1,83.12
2023-03-30 12:00:00,26.2,0,51.5,-28.30843342297671,27.23949107907108,1,79.16
2023-03-30 23:00:00,27.0,10,66.3,-84.5813030019626,136.76926562172522,1,80.6
2023-03-31 08:00:00,26.9,0,57.8,-35.408539647129075,-148.51925935204125,1,80.42
2023-03-31 19:00:00,25.1,0,75.0,-44.45525863435442,-61.96176215342693,1,77.18
2023-03-31 19:00:00,24.8,0,84.0,-21.0988619274527,27.53600513035172,0,76.64
2023-04-01 14:00:00,22.4,0,61.9,21.490194485970346,60.006834681304696,0,72.32
2023-04-02 08:00:00,23.3,0,76.3,-66.05823619668082,99.98204762440552,0,73.94
2023-04-02 08:00:00,23.7,0,70.3,16.823048886850287,166.9266679273377,0,74.66
2023-04-02 11:00:00,22.5,0,75.2,-13.052438263751764,36.88890136461592,0,72.5
2023-04-02 13:00:00,21.2,0,85.5,50.43827673641404,39.48548697927986,0,70.16
2023-04-03 16:00:00,22.7,5,77.4,15.405783097070252,-101.24218497208332,0,72.86
2023-04-04 22:00:00,25.7,0,77.9,-20.39272973208398,-55.0947778640691,1,78.25999999999999
2023-04-05 12:00:00,25.9,0,52.2,70.2691777539479,95.9745400963386,1,78.62
2023-04-05 15:00:00,27.6,0,65.0,71.70956398512628,-95.91575001530003,1,81.68
2023-04-05 17:00:00,28.4,0,68.9,-84.51653646438717,-41.977029219026775,1,83.12
2023-04-05 20:00:00,28.2,0,70.9,-57.774305260514915,65.26155979167618,1,82.75999999999999
2023-04-05 22:00:00,26.9,0,72.7,72.43434599149862,-34.74685115028015,1,80.42
2023-04-06 02:00:00,25.7,0,81.1,68.27943882212533,70.5887501641341,1,78.25999999999999
2023-04-06 04:00:00,21.9,0,64.5,56.640780847798055,45.15604205997364,0,71.42
2023-04-07 13:00:00,27.9,15,66.8,-4.065085893536335,100.81731133441563,1,82.22
2023-04-07 17:00:00,21.3,0,70.7,6.844086965502532,62.96155309949573,0,70.34
2023-04-09 10:00:00,25.7,20,63.6,-52.36931273276772,16.039916875683176,1,78.25999999999999
2023-04-10 03:00:00,23.0,0,90.3,-67.17167594092462,158.3727742388552,0,73.4
2023-04-10 09:00:00,23.6,0,52.7,-16.813703275294994,-6.473757680304297,0,74.48
2023-04-10 15:00:00,19.1,5,67.2,-2.2922362619908587,63.980366832475354,0,66.38
2023-04-10 19:00:00,25.8,0,77.6,67.33291919493333,68.51622488426243,1,78.44
2023-04-11 11:00:00,23.8,0,75.4,14.888600882042676,138.68599633472348,0,74.84
2023-04-11 18:00:00,24.2,0,78.3,-33.16083277509072,-177.35290396040628,0,75.56
2023-04-12 05:00:00,26.3,5,96.1,31.930763379997103,99.18190681883978,1,79.34
2023-04-12 08:00:00,29.7,0,74.0,-83.75891323930804,-120.42008112108398,1,85.46000000000001
2023-04-12 09:00:00,25.1,5,66.1,-15.152657756686022,171.52435059674767,1,77.18
2023-04-12 09:00:00,29.0,0,87.8,-56.650166939962794,-129.79791496614234,1,84.2
2023-04-13 13:00:00,28.8,0,79.9,10.1841171303876,155.72401513414593,1,83.84
2023-04-14 01:00:00,27.1,0,60.5,-32.84105395363408,58.73264963107517,1,80.78
2023-04-14 15:00:00,25.6,0,70.5,74.95569801577192,-56.545321406689474,1,78.08
2023-04-14 21:00:00,24.7,0,63.3,-80.17822650911418,160.09465740209342,0,76.46
2023-04-15 16:00:00,21.8,0,79.2,66.94435103049099,174.13616995529463,0,71.24000000000001
2023-04-15 19:00:00,23.4,0,63.6,13.973715781996068,156.526386297402,0,74.12
2023-04-16 00:00:00,23.5,0,59.6,-31.176952945600075,-112.63526265221938,0,74.3
2023-04-17 08:00:00,25.1,10,69.5,74.71093185310004,-135.63091507228148,1,77.18
2023-04-17 11:00:00,20.2,0,66.3,17.141351889492288,75.4816836616288,0,68.36
2023-04-18 08:00:00,24.3,0,76.1,41.44485411532281,154.5852541856954,0,75.74000000000001
2023-04-19 01:00:00,18.4,0,81.4,-24.739236619362984,-75.97133102841893,0,65.12
2023-04-19 09:00:00,21.9,0,74.9,-51.997330339553265,26.48278080961559,0,71.42
2023-04-19 16:00:00,23.5,0,80.3,-31.15061561939845,13.8107167563682,0,74.3
2023-04-19 17:00:00,21.9,0,58.9,-18.872046454985092,149.9360944015851,0,71.42
2023-04-19 20:00:00,28.2,0,66.2,-21.644725874522855,166.10998307113783,1,82.75999999999999
2023-04-20 00:00:00,26.4,0,66.3,-25.812688322482988,93.74402422349377,1,79.52
2023-04-20 23:00:00,22.7,0,84.3,-74.6898506119366,-165.47981323015728,0,72.86
2023-04-21 07:00:00,24.7,15,73.7,-69.27368788886379,-106.56194270062056,0,76.46
2023-04-21 10:00:00,23.4,0,72.9,-19.456098670096377,74.37748643791839,0,74.12
2023-04-22 09:00:00,27.9,0,73.6,-47.91369004324846,124.21427360279132,1,82.22
2023-04-23 08:00:00,26.3,0,68.3,3.8478638652734176,110.86463811924683,1,79.34
2023-04-24 18:00:00,28.5,0,60.2,59.92734880336104,-72.72819522149625,1,83.3
2023-04-24 19:00:00,26.7,5,74.1,-31.461984670281964,16.80381536303222,1,80.06
2023-04-25 23:00:00,18.6,0,87.4,54.68488028702553,155.79105806171276,0,65.48
2023-04-26 04:00:00,23.9,0,60.2,-21.021234129494697,147.45434079993996,0,75.02
2023-04-26 12:00:00,19.4,0,49.0,-30.35660062746293,-47.42996133775209,0,66.92
2023-04-26 17:00:00,23.9,0,52.4,-75.19098163012886,155.42654519394296,0,75.02
2023-04-26 22:00:00,18.3,0,67.4,75.31155757468044,-33.69004683335328,0,64.94
2023-04-27 00:00:00,21.9,15,84.2,-1.343631471427933,-155.36134467265458,0,71.42
2023-04-27 14:00:00,18.9,0,61.7,-60.65655951332048,109.83503233480856,0,66.02
2023-04-27 19:00:00,21.4,0,83.7,8.745914709843925,163.67988847646478,0,70.52
2023-04-28 02:00:00,24.5,0,72.6,-27.01118635727147,-104.05083937681783,0,76.1
2023-04-28 14:00:00,18.3,0,61.4,-41.13143954231196,-89.2177641016092,0,64.94
2023-04-28 17:00:00,17.9,0,72.1,-17.73687976397222,-120.17340014049029,0,64.22
2023-04-28 23:00:00,21.2,0,77.8,80.41612404460334,162.742480790041,0,70.16
2023-04-30 00:00:00,18.3,0,69.9,47.76540549444733,0.8538551899543645,0,64.94
2023-04-30 03:00:00,24.1,15,56.9,-55.18163826783314,48.71640481499557,0,75.38
2023-04-30 07:00:00,25.6,0,88.3,19.497510001398904,-33.19990761378144,1,78.08
2023-04-30 10:00:00,21.7,0,48.7,-41.10602737061347,130.1204469676767,0,71.06
2023-04-30 14:00:00,23.8,0,71.5,-49.226107313500975,-175.23762735409417,0,74.84
2023-04-30 15:00:00,18.9,0,61.7,80.86915912421104,124.15107074778308,0,66.02
2023-04-30 16:00:00,23.0,0,55.7,-56.65133603100173,147.33096999731728,0,73.4
2023-05-01 08:00:00,21.1,0,60.7,31.029091792506655,163.1232411818896,0,69.98
2023-05-01 10:00:00,23.2,0,75.2,31.767074913708797,86.63888918398536,0,73.75999999999999
2023-05-01 20:00:00,23.9,0,66.9,-88.14879073157543,-29.17088143937122,0,75.02
2023-05-01 21:00:00,23.7,0,71.9,-23.135892727612177,-67.46471103301195,0,74.66
2023-05-03 05:00:00,21.6,0,71.3,-82.789358570875,58.43294594305919,0,70.88
2023-05-03 09:00:00,22.9,0,63.4,83.75449025347197,-47.952604567343386,0,73.22
2023-05-03 15:00:00,22.9,0,64.2,-12.65879459607337,-167.62433099337892,0,73.22
2023-05-03 22:00:00,21.8,0,59.0,22.91920831632204,3.805347142261284,0,71.24000000000001
2023-05-04 03:00:00,21.3,0,69.0,65.63860593446522,-35.887378977722136,0,70.34
2023-05-04 05:00:00,20.3,0,66.8,-52.64263148297338,112.30064446963804,0,68.54
2023-05-04 10:00:00,20.8,5,62.7,9.425904807102176,-14.272065671462322,0,69.44
2023-05-04 22:00:00,25.2,0,68.7,77.67988457570658,117.90852982337417,1,77.36
2023-05-05 11:00:00,23.2,5,66.9,41.66754474656085,-11.14533089346458,0,73.75999999999999
2023-05-05 12:00:00,18.6,0,87.0,33.848200273343195,87.8058674287747,0,65.48
2023-05-05 20:00:00,24.3,0,60.7,36.312889297906295,59.306113767904655,0,75.74000000000001
2023-05-06 06:00:00,19.7,0,48.5,-64.06581851762408,-14.933317612674468,0,67.46
2023-05-06 16:00:00,19.4,0,59.4,14.525835219771295,-124.63786601524215,0,66.92
2023-05-06 23:00:00,25.2,0,74.4,85.91038786196052,42.189921762108014,1,77.36
2023-05-08 08:00:00,23.2,0,76.1,-50.63223594175502,90.46041277455608,0,73.75999999999999
2023-05-08 12:00:00,23.3,0,93.7,-71.19818674197275,-44.32792307501214,0,73.94
2023-05-08 15:00:00,23.8,0,65.9,29.43424690442141,-111.6448815254688,0,74.84
2023-05-08 17:00:00,18.6,0,58.7,13.881074829823168,27.847224439080374,0,65.48
2023-05-09 00:00:00,22.6,15,63.4,44.97478763188838,50.02668791038245,0,72.68
2023-05-09 01:00:00,17.7,0,61.4,-38.587322058796246,-114.56510480597008,0,63.86
2023-05-09 05:00:00,23.4,0,82.7,-44.19336030871315,63.503412807602174,0,74.12
2023-05-09 05:00:00,23.3,5,71.5,53.32384970214969,-81.12028687635404,0,73.94
2023-05-09 06:00:00,20.7,0,52.7,-72.60392982820458,96.86200793750072,0,69.25999999999999
2023-05-09 14:00:00,23.9,0,53.4,13.31097589242188,16.450548772689302,0,75.02
2023-05-09 16:00:00,20.0,0,59.2,-57.08919962361292,142.918304171188,0,68.0
2023-05-09 20:00:00,16.2,5,66.1,11.41350560709374,107.51608092838916,0,61.16
2023-05-10 00:00:00,22.9,0,79.9,-22.55004530867224,-135.55804830827216,0,73.22
2023-05-10 01:00:00,24.2,0,73.9,-77.67891853811697,-140.87428582511086,0,75.56
2023-05-10 12:00:00,21.0,0,61.3,34.815983050135614,157.74522210890007,0,69.8
2023-05-11 00:00:00,22.5,0,50.5,11.840679871379344,-38.476152645451506,0,72.5
2023-05-11 03:00:00,22.6,0,63.3,41.66936352776503,-40.7493928613232,0,72.68
2023-05-11 04:00:00,19.5,0,63.6,5.389305647441929,113.66833702540352,0,67.1
2023-05-11 11:00:00,17.1,15,58.6,-51.354740256596024,-141.55174655914908,0,62.78
2023-05-11 15:00:00,22.4,0,72.2,65.80122897099662,85.36766902439007,0,72.32
2023-05-12 02:00:00,26.7,0,68.8,-14.46707109477414,48.507890797450635,1,80.06
2023-05-12 21:00:00,24.8,0,77.2,-43.23093517074609,-103.77148966112895,0,76.64
2023-05-13 09:00:00,23.8,0,62.1,31.005123712955044,-34.211308544572155,0,74.84
2023-05-13 12:00:00,22.7,5,60.3,-9.173021772577345,70.92869976154782,0,72.86
2023-05-13 18:00:00,22.3,0,83.1,-85.7326043439867,-37.78079837155345,0,72.14
2023-05-13 20:00:00,17.0,0,57.0,75.73313706167437,-61.62385757450064,0,62.6
2023-05-14 12:00:00,19.3,0,53.4,-16.605341099508188,-164.48396077860335,0,66.74000000000001
2023-05-15 03:00:00,18.2,0,68.8,-71.4883334116542,-166.783340346096,0,64.75999999999999
2023-05-15 09:00:00,22.9,10,61.6,8.447197677385843,-148.11179773080812,0,73.22
2023-05-15 17:00:00,22.1,5,59.8,1.0254138806473143,-94.21571860088704,0,71.78
2023-05-15 18:00:00,21.0,0,66.9,-44.78953184128777,-69.23552778793852,0,69.8
2023-05-15 23:00:00,26.5,0,70.4,82.20967810008297,-68.59096232810367,1,79.7
2023-05-16 09:00:00,24.6,5,59.1,17.072528310343724,-158.31829983589293,0,76.28
2023-05-16 09:00:00,16.9,5,57.5,59.8254371389791,171.82217634369454,0,62.42
2023-05-17 11:00:00,22.3,0,81.4,1.7737217190823815,4.000909856220192,0,72.14
2023-05-18 06:00:00,20.7,20,54.9,-26.16008310268509,-127.43243305309348,0,69.25999999999999
2023-05-18 09:00:00,21.0,0,67.7,-42.96005678063092,24.949794388392725,0,69.8
2023-05-18 09:00:00,28.0,0,72.3,-15.22025989342387,-52.74965085814059,1,82.4
2023-05-19 17:00:00,20.0,0,55.4,28.45839925016857,-6.9984212989434935,0,68.0
2023-05-21 02:00:00,20.0,0,55.4,5.6618845540749625,91.64497003406515,0,68.0
2023-05-21 16:00:00,19.0,0,68.7,88.21959229563583,4.63490722989639,0,66.2
2023-05-21 22:00:00,19.2,0,69.3,-5.995238240806488,68.84879896295615,0,66.56
2023-05-22 14:00:00,16.3,0,63.5,50.367759121812256,-132.73633007826328,0,61.34
2023-05-22 16:00:00,20.4,15,50.5,45.138536857990026,-82.5986676643231,0,68.72
2023-05-22 20:00:00,18.0,0,72.3,-81.23492728801264,168.10866526259352,0,64.4
2023-05-22 22:00:00,24.2,10,60.3,-38.57263782103974,-114.18718012587868,0,75.56
2023-05-22 23:00:00,20.9,0,77.5,-86.02809323718765,-150.27402310730022,0,69.62
2023-05-23 19:00:00,20.3,0,50.2,-7.501752974236422,108.8625709993077,0,68.54
2023-05-23 19:00:00,21.0,0,69.7,-79.99100609751709,177.95890896685736,0,69.8
2023-05-23 22:00:00,17.6,0,53.9,59.118960769018344,-24.177628419417974,0,63.68
2023-05-24 16:00:00,18.2,0,57.6,-37.5370355711171,90.65705254440522,0,64.75999999999999
2023-05-24 17:00:00,19.2,0,66.9,-16.058014200069884,-162.2539826048101,0,66.56
2023-05-25 07:00:00,11.2,15,60.7,12.82688458867752,-57.87336197741893,0,52.16
2023-05-25 10:00:00,20.1,0,62.5,12.13036994809321,24.576701856756603,0,68.18
2023-05-26 06:00:00,19.3,0,52.0,-62.914991218920456,-136.66911256440503,0,66.74000000000001
2023-05-27 00:00:00,20.8,0,56.9,78.0748961402646,-165.66788179952863,0,69.44
2023-05-28 23:00:00,15.7,0,54.9,-9.591385093466338,80.65050795825164,0,60.26
2023-05-29 05:00:00,20.7,5,50.6,11.505522016012268,169.2268044000145,0,69.25999999999999
2023-05-30 00:00:00,15.5,0,57.3,-17.4226038960146,150.35302004559605,0,59.9
2023-05-30 11:00:00,18.6,5,59.8,-48.60112428661671,128.85656903903836,0,65.48
2023-05-30 17:00:00,15.6,0,49.9,40.42769163257321,81.13377608454869,0,60.08
2023-05-31 18:00:00,19.2,5,53.8,-81.79467156923961,29.91807262076328,0,66.56
2023-06-01 19:00:00,15.1,0,63.2,-39.49185361717512,86.24922379982736,0,59.18
2023-06-02 08:00:00,20.9,0,63.1,-76.90770939983969,34.611353837962895,0,69.62
2023-06-02 20:00:00,17.1,5,72.9,72.76379245336172,-19.178471267049403,0,62.78
2023-06-03 12:00:00,17.6,0,58.3,-6.0661056708326155,-132.59271476296547,0,63.68
2023-06-04 07:00:00,20.1,0,61.8,-20.02925738222159,174.47561193270224,0,68.18
2023-06-04 08:00:00,12.7,0,57.3,37.698995634115455,74.62040828604017,0,54.86
2023-06-04 12:00:00,14.8,20,58.8,-67.31963498448103,61.81518932786187,0,58.64
2023-06-04 21:00:00,17.1,0,52.9,7.400488478192053,11.996477229457804,0,62.78
2023-06-05 04:00:00,13.0,0,47.8,62.4397003972115,-175.67891018183428,0,55.4
2023-06-05 08:00:00,17.6,5,63.5,-20.281946764443475,-176.14249282967077,0,63.68
2023-06-05 16:00:00,14.9,0,64.3,-14.54708233761816,51.40622538227129,0,58.82
2023-06-05 22:00:00,13.9,0,47.5,1.9045363427207795,17.607467390425803,0,57.02
2023-06-06 07:00:00,14.1,0,55.3,-37.06785680818,155.83236844558792,0,57.379999999999995
2023-06-06 07:00:00,15.0,0,55.3,-75.10736958872582,-175.00963107137036,0,59.0
2023-06-06 10:00:00,17.9,0,54.7,58.18917828240543,-113.1202963084652,0,64.22
2023-06-06 13:00:00,15.8,0,57.7,28.153728630118245,-38.80159436392555,0,60.440000000000005
2023-06-06 15:00:00,15.8,5,52.4,53.961005600241,-174.88921159017946,0,60.440000000000005
2023-06-06 16:00:00,17.6,0,61.9,84.47792621115221,-8.960988624539258,0,63.68
2023-06-06 17:00:00,17.3,0,46.6,29.119991844894933,45.960795777171136,0,63.14
2023-06-06 19:00:00,16.2,0,52.9,31.291001688600836,151.3929186369197,0,61.16
2023-06-07 00:00:00,12.9,0,78.4,-74.8570207933111,125.44983878625528,0,55.22
2023-06-07 12:00:00,11.3,0,69.2,54.26023972013166,64.4985245950426,0,52.34
2023-06-07 17:00:00,17.8,0,68.6,-60.98061384447794,-115.52582184185464,0,64.04
2023-06-08 02:00:00,12.2,0,49.2,78.89683115723689,-154.60717046653565,0,53.96
2023-06-08 08:00:00,14.0,0,54.7,-74.75609846244477,-122.4432851880811,0,57.2
2023-06-08 09:00:00,19.4,0,48.3,-48.334461522246336,-17.873861118914597,0,66.92
2023-06-08 14:00:00,14.3,0,71.0,-45.05958850675857,160.20866324900476,0,57.74
2023-06-09 06:00:00,14.2,0,67.3,-37.90088610849217,33.01810880126416,0,57.56
2023-06-10 05:00:00,13.8,0,56.0,28.74424912748538,169.86430847717446,0,56.84
2023-06-10 18:00:00,15.1,0,54.4,-68.31947880061823,131.17185592415038,0,59.18
2023-06-11 17:00:00,18.1,5,46.6,26.054144743827344,52.27868730407901,0,64.58
2023-06-12 04:00:00,17.1,5,80.2,20.454822538089086,-9.248880647365104,0,62.78
2023-06-12 07:00:00,16.8,0,42.1,46.828967362228624,127.63706155278491,0,62.24
2023-06-12 16:00:00,15.5,0,70.7,-1.9093432668140295,-104.5115001251277,0,59.9
2023-06-13 00:00:00,13.4,20,62.3,-49.180927442463776,5.460130219171964,0,56.120000000000005
2023-06-13 03:00:00,15.1,0,63.6,76.0381710581024,-156.92590402697684,0,59.18
2023-06-13 14:00:00,8.6,0,69.9,-28.0876164196166,-95.48840817901034,0,47.48
2023-06-15 10:00:00,8.1,0,62.4,8.666136491043964,25.52653935077213,0,46.58
2023-06-16 14:00:00,12.2,5,76.2,-85.3614722224168,-87.45743081188485,0,53.96
2023-06-16 15:00:00,13.9,0,49.3,8.976341299716939,-105.8471870842938,0,57.02
2023-06-17 09:00:00,15.3,0,48.2,-41.28409044328218,11.68952683820306,0,59.540000000000006
2023-06-17 15:00:00,15.8,0,59.2,29.10936287591219,44.35573430448251,0,60.440000000000005
2023-06-17 17:00:00,9.6,0,54.5,-49.56166842448201,-131.8398678021715,0,49.28
2023-06-17 19:00:00,19.3,5,57.6,49.543929330290865,-56.12701757420085,0,66.74000000000001
2023-06-18 07:00:00,16.0,0,64.1,-73.37510493995187,123.79658804313443,0,60.8
2023-06-18 15:00:00,17.0,5,54.7,62.9003531206324,27.650851069772106,0,62.6
2023-06-18 23:00:00,14.9,0,61.2,78.38721243494923,-106.4728417073656,0,58.82
2023-06-19 03:00:00,18.3,0,62.4,78.25138478789418,29.54524720472048,0,64.94
2023-06-19 07:00:00,9.0,0,55.0,-71.01298305701359,161.16702374314065,0,48.2
2023-06-19 13:00:00,8.5,15,56.8,9.095702507320606,-141.76302206815578,0,47.3
2023-06-20 12:00:00,11.6,5,63.5,-24.947319767906457,101.4807286788803,0,52.879999999999995
2023-06-20 22:00:00,19.2,0,60.0,60.05592188553102,139.48881847663765,0,66.56
2023-06-21 12:00:00,13.8,0,64.9,62.12175326928626,135.17591414252274,0,56.84
2023-06-21 17:00:00,11.4,5,40.1,-43.259248988925485,115.65005564149357,0,52.52
2023-06-22 00:00:00,20.6,0,54.2,-33.86170156252946,-64.4923646100563,0,69.08
2023-06-22 01:00:00,7.8,0,53.1,31.619322397273145,172.45146268500025,0,46.04
2023-06-23 05:00:00,11.1,0,50.6,-24.33195536259624,29.990609346313633,0,51.98
2023-06-23 09:00:00,11.6,0,59.9,48.50080093476848,-160.6914750525009,0,52.879999999999995
2023-06-23 12:00:00,12.7,5,55.9,-78.83254494782022,-99.22212727207362,0,54.86
2023-06-23 22:00:00,12.7,10,49.8,73.44333817589923,-172.13518368496736,0,54.86
2023-06-23 22:00:00,10.7,0,47.9,88.47589964892957,-67.3796888912808,0,51.26
2023-06-24 09:00:00,15.8,5,56.3,-14.819940752940948,173.25272786085966,0,60.440000000000005
2023-06-25 06:00:00,14.9,10,44.6,42.286652531080954,175.2825403397871,0,58.82
2023-06-25 08:00:00,11.4,0,73.1,17.222368349075317,-170.24160515895608,0,52.52
2023-06-25 10:00:00,10.3,0,57.0,-88.05400494566466,19.997845158823154,0,50.54
2023-06-25 11:00:00,9.2,0,40.4,-59.72334196202672,36.340374433578845,0,48.56
2023-06-25 14:00:00,7.6,0,38.7,-26.14885978856173,-29.820859568747252,0,45.68
2023-06-25 15:00:00,16.3,0,52.4,-59.42032682056969,-37.98741929801129,0,61.34
2023-06-26 05:00:00,5.3,20,51.2,-82.75355945833822,77.44500713407965,0,41.54
2023-06-26 06:00:00,9.7,0,50.4,-68.64412216651554,-31.134049095614703,0,49.46
2023-06-26 10:00:00,14.3,0,61.1,51.02452080886819,141.81606384119658,0,57.74
2023-06-26 15:00:00,16.1,0,52.7,-80.79296298832843,-24.549445761200182,0,60.980000000000004
2023-06-27 05:00:00,8.0,0,63.5,-75.37866573479891,23.189971600709164,0,46.4
2023-06-27 06:00:00,10.2,0,68.7,10.16363472278796,-29.0395150490562,0,50.36
2023-06-27 18:00:00,7.7,5,67.7,-79.74382914047371,136.71086482596368,0,45.86
2023-06-28 00:00:00,9.5,0,51.8,58.74134597103362,-121.87883302814842,0,49.1
2023-06-29 05:00:00,7.6,0,61.3,-58.158548851682895,-26.81796266213659,0,45.68
2023-06-29 21:00:00,4.3,0,48.5,30.79676827547569,93.53651703421984,0,39.74
2023-06-30 00:00:00,11.5,0,30.8,-49.62265940636527,58.7918554214407,0,52.7
2023-06-30 09:00:00,10.3,0,53.4,76.88228073560087,164.26507734481007,0,50.54
2023-06-30 14:00:00,10.8,0,52.5,42.22949412789631,1.4878230906377965,0,51.44
2023-06-30 18:00:00,9.6,20,47.4,-80.88795499156666,-112.88887025256916,0,49.28
2023-06-30 21:00:00,12.3,0,45.4,-26.11841697242027,48.83231590294077,0,54.14
2023-07-01 08:00:00,9.4,10,51.3,55.624255252501754,6.507899294524111,0,48.92
2023-07-01 14:00:00,6.6,0,53.9,-59.272494603753564,125.67528718512338,0,43.879999999999995
2023-07-01 18:00:00,9.9,0,76.4,55.74150652786008,-160.21212953766403,0,49.82
2023-07-01 22:00:00,11.8,5,42.7,-62.11344399418032,112.27180464373674,0,53.24
2023-07-02 02:00:00,8.5,5,56.3,-79.27432247643414,37.16835216625073,0,47.3
2023-07-02 08:00:00,10.0,0,63.6,67.11469588181961,72.29103048062652,0,50.0
2023-07-03 11:00:00,11.1,0,47.3,11.853100856384398,-165.82972326489738,0,51.98
2023-07-03 13:00:00,10.8,0,33.1,62.039863636240376,147.89745528707348,0,51.44
2023-07-03 20:00:00,5.0,0,64.8,3.530101644541348,-93.00278850509332,0,41.0
2023-07-04 06:00:00,11.1,0,34.0,22.5594305918017,121.49010706275884,0,51.98
2023-07-05 15:00:00,10.8,0,57.7,88.5532945029558,-55.079159251608026,0,51.44
2023-07-05 18:00:00,6.6,0,43.3,12.190917227589823,1.6041390009679324,0,43.879999999999995
2023-07-05 23:00:00,4.8,0,45.8,87.04209717245935,-111.55364412526596,0,40.64
2023-07-06 08:00:00,13.6,10,61.7,41.55666223970887,-134.76834273156695,0,56.48
2023-07-06 15:00:00,6.4,0,48.3,-61.773713042974975,-109.1922489673837,0,43.519999999999996
2023-07-06 17:00:00,7.6,0,65.1,-21.772712631053693,-5.810321208847893,0,45.68
2023-07-07 04:00:00,10.6,0,41.5,88.11096000917804,-54.70129602816463,0,51.08
2023-07-08 01:00:00,8.7,0,50.8,-84.12136905879075,163.30773881868822,0,47.66
2023-07-08 10:00:00,8.2,5,67.6,-52.180705275776674,69.45128252092388,0,46.76
2023-07-08 13:00:00,9.0,0,32.5,-77.50906453724699,36.28517376226288,0,48.2
2023-07-08 14:00:00,10.2,0,37.6,-40.12753505158807,-59.10610872904757,0,50.36
2023-07-08 15:00:00,8.9,0,67.4,-19.423156157176916,47.29535195161558,0,48.02
2023-07-08 15:00:00,10.8,5,51.3,-47.353681098589774,174.00267662912157,0,51.44
2023-07-08 17:00:00,11.9,0,58.4,23.647558688685177,-18.331734911444684,0,53.42
2023-07-09 11:00:00,7.3,0,53.1,-17.513330220979164,-40.32980841676091,0,45.14
2023-07-09 12:00:00,7.6,10,50.1,-56.40481083641714,107.27929267892064,0,45.68
2023-07-09 14:00:00,9.9,0,52.0,71.63363643260193,-23.870040724663184,0,49.82
2023-07-10 07:00:00,10.8,5,47.0,32.85584271678988,170.0861004100448,0,51.44
2023-07-10 17:00:00,12.0,0,53.9,31.958244933079648,38.63679004550373,0,53.6
2023-07-10 17:00:00,8.8,5,57.4,-25.534851024754,-90.85260849428208,0,47.84
2023-07-11 02:00:00,6.9,0,53.4,84.80716332629144,161.20069126892272,0,44.42
2023-07-11 02:00:00,5.8,0,34.2,-27.754902286123503,-46.050388213357465,0,42.44
2023-07-11 20:00:00,5.1,10,61.6,58.40487316881883,-150.9909075768551,0,41.18
2023-07-11 21:00:00,10.2,0,55.6,29.7100780211936,65.92114286029675,0,50.36
2023-07-12 00:00:00,7.5,0,55.9,-45.601449155026835,-25.007104471306683,0,45.5
2023-07-12 16:00:00,7.1,5,37.5,84.76924492883134,3.2252545519371134,0,44.78
2023-07-12 18:00:00,12.9,0,54.5,82.37369632906582,-9.30313948353132,0,55.22
2023-07-13 00:00:00,7.3,0,40.4,-89.88238966296608,-60.617934321179774,0,45.14
2023-07-13 03:00:00,10.3,0,39.7,45.69625488778434,-45.06302723400083,0,50.54
2023-07-13 05:00:00,4.7,0,60.6,-56.79737080922099,-118.63349583060888,0,40.46
2023-07-13 07:00:00,4.1,0,54.6,34.56202607039784,-119.22839791755688,0,39.38
2023-07-13 08:00:00,7.1,0,42.3,2.5371796592267493,167.69963509859974,0,44.78
2023-07-13 18:00:00,2.8,0,30.2,22.31972739521683,23.25263001604686,0,37.04
2023-07-14 05:00:00,8.6,0,43.6,-54.64454114303687,82.55152817179422,0,47.48
2023-07-14 07:00:00,13.6,0,58.1,38.64939003036648,-78.5093919849894,0,56.48
2023-07-14 12:00:00,10.1,5,35.0,11.193985991614522,-129.16833712661344,0,50.18
2023-07-14 16:00:00,9.1,10,50.2,-53.19929295643085,-119.41970813722338,0,48.379999999999995
2023-07-16 17:00:00,5.3,0,47.5,-69.91326000769546,-139.46743204949,0,41.54
2023-07-17 03:00:00,6.9,0,46.7,13.295852941877335,-86.09427145364799,0,44.42
2023-07-17 03:00:00,4.0,10,55.6,-78.09026600980071,15.932641325490293,0,39.2
2023-07-17 09:00:00,5.7,0,43.7,7.253375722255302,-147.68657979834344,0,42.260000000000005
2023-07-17 11:00:00,1.9,0,46.4,-21.21489453013753,-64.44106356927679,0,35.42
2023-07-17 20:00:00,7.6,0,30.0,-72.54617922622354,-93.02354048312532,0,45.68
2023-07-18 01:00:00,0.7,0,35.9,79.29071151829247,-70.23487522137714,0,33.26
2023-07-18 02:00:00,6.8,0,38.3,-16.77513582868976,68.99603467195496,0,44.239999999999995
2023-07-18 04:00:00,9.4,0,36.2,-17.506892745570465,108.04952979074731,0,48.92
2023-07-18 09:00:00,7.8,15,35.2,-71.381859325113,53.52586320865121,0,46.04
2023-07-18 14:00:00,6.4,0,54.4,86.85382900608697,-124.37250120341317,0,43.519999999999996
2023-07-18 22:00:00,3.5,5,46.9,-41.04025103801591,19.43757198112714,0,38.3
2023-07-19 08:00:00,3.0,0,36.0,41.10675378113628,-61.978248413987735,0,37.4
2023-07-19 18:00:00,7.1,0,56.0,46.268660645752576,-167.1875169096685,0,44.78
2023-07-20 00:00:00,6.3,0,46.0,83.40485768028682,53.54896100220654,0,43.34
2023-07-20 03:00:00,5.2,0,43.0,-0.6769400578534923,-68.31529785190628,0,41.36
2023-07-20 05:00:00,9.1,10,52.6,57.61215037001689,38.9560956359208,0,48.379999999999995
2023-07-20 05:00:00,10.6,0,47.6,15.59230529105928,141.58961776372416,0,51.08
2023-07-20 07:00:00,7.3,0,35.0,20.303250396571872,99.08443400366016,0,45.14
2023-07-20 20:00:00,6.3,0,63.7,-25.44811524835355,72.39513145113719,0,43.34
2023-07-21 00:00:00,5.7,5,30.3,53.848434798860765,43.28454562600336,0,42.260000000000005
2023-07-21 06:00:00,4.2,0,34.5,40.50109373384137,143.05885828693735,0,39.56
2023-07-21 13:00:00,10.0,0,36.8,57.37324130712914,147.39462132691554,0,50.0
2023-07-21 14:00:00,2.7,0,30.0,-73.00459842111343,29.41974989045162,0,36.86
2023-07-21 16:00:00,3.4,5,42.8,-65.31327213250623,-172.75037437825566,0,38.12
2023-07-21 23:00:00,3.5,0,31.1,-85.67909192792001,-66.37204246782518,0,38.3
2023-07-22 02:00:00,4.1,20,37.1,80.48906332204461,-30.54756456261154,0,39.38
2023-07-22 07:00:00,8.4,0,41.2,78.93536102516347,-27.44275682486758,0,47.120000000000005
2023-07-24 00:00:00,7.7,10,47.1,35.091561481748585,90.64733889129587,0,45.86
2023-07-24 09:00:00,1.8,0,37.4,77.85987811547616,-44.14925635320572,0,35.24
2023-07-24 09:00:00,2.2,0,33.2,-67.61774854244334,153.68672237251107,0,35.96
2023-07-24 16:00:00,2.6,0,45.4,-85.37586392350653,85.87657922290684,0,36.68
2023-07-25 04:00:00,3.2,0,30.0,53.59180740267852,-140.75509836926565,0,37.76
2023-07-25 07:00:00,2.9,5,46.3,-28.56264372899062,-161.01217722160175,0,37.22
2023-07-25 14:00:00,1.4,0,30.0,-53.72489195886369,6.952569351229143,0,34.52
2023-07-25 17:00:00,5.2,10,51.0,-50.631499996822946,-109.815022260493,0,41.36
2023-07-25 19:00:00,4.3,0,47.7,17.4439242983981,134.2955329254732,0,39.74
2023-07-26 01:00:00,7.7,0,48.0,-4.392685472038506,-53.16226046908585,0,45.86
2023-07-26 12:00:00,-5.9,5,38.5,-58.94570214965483,-135.90076969224387,0,21.38
2023-07-26 23:00:00,1.0,0,50.7,-49.305767218098715,122.07589156786015,0,33.8
2023-07-27 22:00:00,4.7,5,44.9,-26.130266002230723,58.43444887424965,0,40.46
2023-07-28 05:00:00,8.4,5,40.6,56.2452877879509,-148.78563566556952,0,47.120000000000005
2023-07-28 08:00:00,-2.0,0,59.1,-52.14265986855714,152.15225025728594,0,28.4
2023-07-28 22:00:00,3.2,0,41.3,-72.83503417085936,82.12191744101989,0,37.76
2023-07-29 21:00:00,-0.6,0,45.0,17.138310142837454,-119.58674556742967,0,30.92
2023-07-30 00:00:00,1.8,5,30.0,50.836646198301814,122.98392271539866,0,35.24
2023-07-30 01:00:00,-1.8,0,41.4,79.35843052065677,41.42511144529128,0,28.76
2023-07-30 01:00:00,10.6,0,50.8,-12.1011328184726,-25.79335179521535,0,51.08
2023-07-30 08:00:00,1.1,0,31.5,-67.80891972618957,-92.16169115311,0,33.98
2023-07-30 22:00:00,1.5,0,30.0,80.26643592577558,-90.09209547743212,0,34.7
2023-07-31 01:00:00,7.4,15,38.3,47.464608483057695,15.763345341028884,0,45.32
2023-07-31 01:00:00,0.7,0,38.4,-77.38053486457375,113.17821144086932,0,33.26
2023-07-31 03:00:00,7.3,0,43.7,-72.90625045889223,-133.0728731844244,0,45.14
2023-07-31 03:00:00,1.4,0,46.6,-58.606331919930085,-132.01766709041766,0,34.52
2023-07-31 10:00:00,2.5,0,44.4,-42.99076214804516,-123.70962900784498,0,36.5
2023-07-31 17:00:00,1.2,5,45.2,-3.864893414485946,120.29907895503888,0,34.16
2023-07-31 18:00:00,3.0,0,41.7,58.02861801336378,-76.60036468614571,0,37.4
2023-08-01 04:00:00,2.7,0,39.5,5.736917970902979,-167.60472891360675,0,36.86
2023-08-01 04:00:00,-0.3,0,47.5,57.133412515099685,-140.1827044056621,0,31.46
2023-08-01 07:00:00,1.2,10,42.1,9.843664461906092,-87.2524804451295,0,34.16
2023-08-01 12:00:00,-1.2,0,35.3,49.09885553971424,159.14095901589437,0,29.84
2023-08-01 14:00:00,2.3,0,36.3,-62.19140327911335,87.11198262503491,0,36.14
2023-08-02 00:00:00,13.8,0,50.4,-51.759490104814866,-160.62101103295473,0,56.84
2023-08-02 02:00:00,-0.7,0,53.8,-18.39718063276233,101.44073733434146,0,30.74
2023-08-02 13:00:00,3.1,5,50.6,14.104757360977205,-94.04936240903132,0,37.58
2023-08-02 14:00:00,0.9,15,30.0,46.31093608959013,-56.93434490978706,0,33.62
2023-08-02 18:00:00,2.9,0,39.3,57.68776520644947,-147.12273563991943,0,37.22
2023-08-03 00:00:00,2.9,5,42.2,-74.49621496853754,-21.757340961756476,0,37.22
2023-08-03 06:00:00,-0.0,20,45.4,55.51303300086437,86.20892396594182,0,32.0
2023-08-03 19:00:00,-1.8,0,57.0,56.58962026837705,3.76564728471887,0,28.76
2023-08-04 01:00:00,1.9,0,46.7,88.65263162915484,-169.07263000811847,0,35.42
2023-08-04 04:00:00,7.2,0,48.1,-67.15000552410491,132.14166565642105,0,44.96
2023-08-04 16:00:00,3.7,0,30.0,-34.84521911681345,106.20415329424934,0,38.660000000000004
2023-08-04 20:00:00,-4.3,0,36.7,74.34746404017407,-150.6790033591827,0,24.26
2023-08-05 06:00:00,5.9,0,50.8,58.66781553900291,-18.020277263210534,0,42.620000000000005
2023-08-05 19:00:00,3.5,0,31.0,61.58976779706859,-46.06431558760534,0,38.3
2023-08-06 09:00:00,3.1,5,30.0,42.304533514168206,-9.203430907017328,0,37.58
2023-08-06 09:00:00,-1.3,0,30.0,-26.441479991089892,13.514451710524668,0,29.66
2023-08-06 20:00:00,0.0,0,40.1,35.6099013909306,-159.75925385365,0,32.0
2023-08-07 02:00:00,1.1,0,50.0,58.95954940932845,-8.828742516215872,0,33.98
2023-08-08 00:00:00,1.5,5,49.4,86.1038616702342,-109.63511986737603,0,34.7
2023-08-08 07:00:00,5.5,0,34.4,85.28407440428691,-8.963877350980631,0,41.9
2023-08-09 02:00:00,-0.0,0,30.0,31.051307281256843,118.6436993142127,0,32.0
2023-08-09 13:00:00,2.9,0,30.1,-82.51578722761312,-19.953539615005734,0,37.22
2023-08-10 03:00:00,3.6,0,42.3,14.712596535813605,-98.1066226703256,0,38.48
2023-08-10 05:00:00,-2.4,0,41.2,83.06861842334018,1.987485020456505,0,27.68
2023-08-10 07:00:00,7.1,0,59.7,0.2296160326312879,37.552673606515135,0,44.78
2023-08-10 08:00:00,2.1,10,34.2,-34.47570933189288,-105.9140242838082,0,35.78
2023-08-10 16:00:00,1.9,0,44.6,41.43990919630485,-159.33893627222153,0,35.42
2023-08-10 17:00:00,1.9,10,36.9,-3.36996878053734,179.56545689363563,0,35.42
2023-08-10 21:00:00,0.4,0,51.4,11.561727003216486,10.31637743613922,0,32.72
2023-08-13 00:00:00,-3.4,0,41.8,-5.227154561747971,-137.10935808142267,0,25.880000000000003
2023-08-13 01:00:00,-0.5,0,37.1,19.079454108784585,-157.69925331156435,0,31.1
2023-08-13 02:00:00,1.9,0,39.8,31.31895746623147,-150.63302677990828,0,35.42
2023-08-13 10:00:00,0.0,5,41.8,37.12430925994719,-87.60700541300551,0,32.0
2023-08-14 02:00:00,5.3,0,30.0,30.098220694952587,-100.56561853617056,0,41.54
2023-08-14 11:00:00,-0.7,0,33.1,-4.483822883981747,63.67401929792753,0,30.74
2023-08-15 19:00:00,-4.7,0,42.9,82.46124160549807,108.33793975491491,0,23.54
2023-08-15 19:00:00,0.3,0,30.8,43.60885060541162,175.452650032392,0,32.54
2023-08-16 15:00:00,0.9,0,38.0,28.26548968213931,-93.1805228492057,0,33.62
2023-08-16 23:00:00,-5.6,0,42.0,57.308476460316335,-22.42194302392511,0,21.92
2023-08-17 07:00:00,2.7,0,46.9,77.97691579667512,-130.18622590059962,0,36.86
2023-08-17 08:00:00,0.1,0,40.8,-45.74746035118795,164.92972312961862,0,32.18
2023-08-17 08:00:00,2.4,5,40.0,14.0204002849359,43.67902469605462,0,36.32
2023-08-17 08:00:00,-0.7,0,30.0,-0.0073814463380816,95.51386782913906,0,30.74
2023-08-17 17:00:00,-4.4,0,34.0,20.129583618579854,110.97655603786016,0,24.08
2023-08-17 18:00:00,-4.0,0,30.0,-6.087313597039746,-125.37255133690113,0,24.8
2023-08-18 06:00:00,4.6,0,47.7,-60.93758986843679,112.18572520014727,0,40.28
2023-08-18 07:00:00,-1.0,0,42.5,-53.587089151523344,-41.57430706574405,0,30.2
2023-08-18 07:00:00,1.3,0,30.0,-17.873249969796007,135.98978575054497,0,34.34
2023-08-18 19:00:00,-2.6,0,30.0,21.079069997158133,-78.20443545836451,0,27.32
2023-08-18 22:00:00,1.4,0,40.4,-67.41246657615288,-90.43495605389626,0,34.52
2023-08-19 00:00:00,-5.6,0,31.8,-34.9660876594876,148.76268706053736,0,21.92
2023-08-19 13:00:00,1.1,15,66.3,-87.0839284788959,56.99067822218227,0,33.98
2023-08-19 13:00:00,-0.1,0,32.6,-20.290605943528565,-160.34029084315114,0,31.82
2023-08-19 13:00:00,0.0,20,43.8,-17.02389147495211,-128.58685038976776,0,32.0
2023-08-19 18:00:00,-4.2,0,35.4,-64.80227219008269,-39.26972633718159,0,24.439999999999998
2023-08-20 04:00:00,1.6,0,34.9,-82.9094699352925,89.77299719218449,0,34.88
2023-08-20 08:00:00,3.5,0,43.1,2.6030389931809506,41.98391213949903,0,38.3
2023-08-20 13:00:00,0.6,5,30.9,-58.1123658199274,-16.983070097642358,0,33.08
2023-08-21 12:00:00,0.2,0,32.9,-82.77500536463403,-80.3685124975289,0,32.36
2023-08-21 22:00:00,-1.3,20,39.4,66.31371431044813,89.62673430974348,0,29.66
2023-08-22 19:00:00,0.5,0,32.0,-18.416805402050155,-26.242183670276443,0,32.9
2023-08-23 08:00:00,-0.6,0,30.0,84.25374866113202,-155.66229018994207,0,30.92
2023-08-23 11:00:00,0.3,0,40.9,-12.60762843963209,-14.135903912997406,0,32.54
2023-08-23 14:00:00,-8.4,0,30.0,0.0501363373968599,131.42559577514177,0,16.88
2023-08-23 20:00:00,0.2,0,42.2,55.01678496540155,-92.75266975076558,0,32.36
2023-08-24 04:00:00,-4.0,20,30.0,12.651648971650284,81.72666972508821,0,24.8
2023-08-24 10:00:00,-4.1,0,31.4,17.294751942895076,128.71101879069252,0,24.62
2023-08-24 13:00:00,-6.9,0,45.8,87.72050854431826,23.54973831091368,0,19.58
2023-08-24 16:00:00,3.1,0,43.3,18.325212110180505,-10.214508529705792,0,37.58
2023-08-24 20:00:00,-1.2,0,33.2,46.903615641950815,73.81472628729338,0,29.84
2023-08-25 01:00:00,-3.7,0,31.5,-38.78255057815192,-157.03395974870477,0,25.34
2023-08-25 17:00:00,2.0,0,39.9,-19.278880399227777,-106.5368201232238,0,35.6
2023-08-26 05:00:00,-2.6,0,46.1,11.988946602983336,-69.18510599059711,0,27.32
2023-08-26 10:00:00,-5.8,5,34.7,-10.420733757650398,143.0630345957711,0,21.560000000000002
2023-08-26 14:00:00,0.0,0,33.5,-62.29801715512074,-57.59842101843883,0,32.0
2023-08-27 02:00:00,-3.0,5,30.0,-3.007028706061463,105.8452020957466,0,26.6
2023-08-27 04:00:00,-3.6,0,39.6,-13.248295775707945,27.94070902936813,0,25.52
2023-08-27 06:00:00,-1.5,0,30.0,-87.5371653430774,123.83764989912892,0,29.3
2023-08-27 12:00:00,0.2,0,30.0,-50.17703463970848,1.2042470182154563,0,32.36
2023-08-27 21:00:00,-3.1,0,35.7,-66.02221365540683,90.51239431126896,0,26.42
2023-08-28 11:00:00,0.6,0,30.0,86.50228087093024,-61.14385788638241,0,33.08
2023-08-28 20:00:00,-1.5,0,30.0,75.10825198398253,-15.966162201644115,0,29.3
2023-08-30 02:00:00,-4.8,0,39.1,79.46536275109177,-12.965249721462913,0,23.36
2023-08-30 05:00:00,-2.8,0,39.7,-18.541410802654656,-86.79446107446975,0,26.96
2023-08-30 15:00:00,-6.2,0,33.3,-0.3366101613523664,87.25317735232146,0,20.84
2023-08-31 02:00:00,-1.8,0,30.0,-65.66088353168615,-65.91451042057508,0,28.76
2023-08-31 12:00:00,-2.3,0,30.0,-36.60975321172324,-146.71817386665603,0,27.86
2023-09-01 00:00:00,-6.1,0,30.0,-58.56350653866068,-60.32639081722854,0,21.02
2023-09-01 00:00:00,-4.6,0,32.5,4.21224676596148,70.1892479237313,0,23.72
2023-09-01 10:00:00,-6.7,0,36.8,29.100106733254027,-83.10183444301349,0,19.939999999999998
2023-09-01 15:00:00,-4.9,0,33.4,-5.817381752722133,-110.87158711091595,0,23.18
2023-09-01 18:00:00,-0.3,0,30.0,-58.41150707135567,-105.54555847197734,0,31.46
2023-09-02 00:00:00,-3.3,0,34.1,31.938852821093004,39.53259415732213,0,26.060000000000002
2023-09-02 19:00:00,-4.4,0,42.0,45.047837508991606,-136.81694097685087,0,24.08
2023-09-03 16:00:00,-3.4,0,31.7,-10.825984851509718,-148.6918727078641,0,25.880000000000003
2023-09-04 01:00:00,-8.5,0,37.6,-46.746157778933984,-104.72494874773886,0,16.7
2023-09-04 05:00:00,-2.6,0,35.2,58.83454097509557,-47.110970228686384,0,27.32
2023-09-06 09:00:00,-3.6,0,30.0,-18.97698324259372,-61.97657836110543,0,25.52
2023-09-07 01:00:00,-4.9,0,46.8,3.341103959832108,168.0243219126389,0,23.18
2023-09-07 02:00:00,-5.2,0,30.0,-77.89784758369899,163.2250365775542,0,22.64
2023-09-07 04:00:00,-4.0,5,42.2,-39.30911242098629,115.2911948201603,0,24.8
2023-09-07 07:00:00,-8.6,10,41.0,59.570850789912306,175.9825948693187,0,16.520000000000003
2023-09-07 15:00:00,-3.7,0,30.0,-69.05547267039074,-42.61806032071141,0,25.34
2023-09-07 20:00:00,-0.3,0,32.1,-22.777569876113056,-155.14670271190502,0,31.46
2023-09-08 08:00:00,-7.0,0,30.0,65.19653525847397,129.28023275288993,0,19.4
2023-09-08 18:00:00,-6.8,0,30.0,-27.81344632977977,-145.18995847647582,0,19.76
2023-09-08 20:00:00,-7.1,0,30.0,-85.50510081893107,61.56467299184753,0,19.22
2023-09-09 04:00:00,-2.9,0,30.0,50.993636932088585,35.0745273264312,0,26.78
2023-09-09 05:00:00,-5.0,10,34.0,29.48840547349052,-141.61549718282475,0,23.0
2023-09-09 05:00:00,-1.6,5,42.5,-73.82216668749108,72.31165100779677,0,29.12
2023-09-10 03:00:00,-5.4,10,43.6,-10.33607773209323,111.84608532153308,0,22.28
2023-09-10 09:00:00,-0.6,0,33.9,-80.93708514551642,-91.09397988291867,0,30.92
2023-09-10 12:00:00,-2.5,5,36.0,-60.72105328101267,175.72466734366873,0,27.5
2023-09-11 03:00:00,-4.5,0,30.0,69.49549958643294,-165.06096281643372,0,23.9
2023-09-11 14:00:00,-1.9,0,30.0,34.03577767468134,109.86278304973564,0,28.580000000000002
2023-09-12 06:00:00,-2.1,0,30.0,60.22292224601298,-160.2962255070051,0,28.22
2023-09-13 00:00:00,-7.1,0,31.7,-10.469933135648173,-46.44946346681914,0,19.22
2023-09-13 03:00:00,0.1,5,46.4,24.37458423514377,66.19324496725152,0,32.18
2023-09-13 05:00:00,-6.8,0,30.7,-22.948392320376144,-100.93142570595516,0,19.76
2023-09-13 13:00:00,0.7,0,32.4,-80.92498075160235,-144.18191920573273,0,33.26
2023-09-13 14:00:00,1.1,0,36.3,-75.56638377381961,12.795290315207364,0,33.98
2023-09-13 16:00:00,-3.6,0,37.1,-29.845311448840217,16.128390699395418,0,25.52
2023-09-13 23:00:00,-4.3,0,30.0,65.09967924583817,120.35692646978347,0,24.26
2023-09-14 10:00:00,-5.8,0,35.2,0.4369116899477543,-106.5284419839263,0,21.560000000000002
2023-09-14 12:00:00,-8.1,0,30.0,-39.41104496995995,139.096930305651,0,17.42
2023-09-14 13:00:00,-5.2,0,37.5,29.97395580474629,176.50266141057884,0,22.64
2023-09-14 23:00:00,-0.7,0,46.2,8.362537511062385,-53.40604595691407,0,30.74
2023-09-16 13:00:00,0.9,0,30.0,-88.8364155978521,-2.8793774044502074,0,33.62
2023-09-16 22:00:00,-6.3,0,30.0,13.37176351623798,-87.77105480183222,0,20.66
2023-09-17 04:00:00,-0.5,0,32.5,-79.79752221014962,-25.07524834600784,0,31.1
2023-09-17 10:00:00,-3.6,5,30.0,0.9915768701755056,139.0216658601575,0,25.52
2023-09-17 14:00:00,-3.0,10,37.5,48.344639564376365,-5.940689361550628,0,26.6
2023-09-17 15:00:00,-6.9,0,34.0,-15.965285028078371,60.093881085125055,0,19.58
2023-09-17 21:00:00,-4.9,0,50.3,45.44430076556898,-57.009199431383344,0,23.18
2023-09-18 05:00:00,-7.3,15,30.0,43.03205566908706,102.62301157671524,0,18.86
2023-09-18 10:00:00,-6.4,0,30.0,61.36356787252329,-68.28894644236289,0,20.48
2023-09-18 12:00:00,-4.6,0,32.4,-80.50225358527153,129.47232432693835,0,23.72
2023-09-18 15:00:00,-7.5,0,39.3,-84.84256303602218,-74.91197754078938,0,18.5
2023-09-19 18:00:00,-5.3,0,30.0,44.474088083225205,-93.66481720562751,0,22.46
2023-09-20 11:00:00,-7.3,5,54.6,-18.663727410320305,98.81481712312473,0,18.86
2023-09-20 18:00:00,-3.3,0,30.0,-47.80339199792736,7.395781429749033,0,26.060000000000002
2023-09-21 04:00:00,-6.5,0,30.3,-2.9155428250834947,-32.69426851494411,0,20.3
2023-09-21 08:00:00,-4.8,0,30.0,-15.628946902610483,-51.85520155056942,0,23.36
2023-09-21 12:00:00,-2.0,0,39.0,24.79934553220648,-38.24814903645359,0,28.4
2023-09-21 15:00:00,1.2,15,38.8,33.176564806562055,142.4000667145986,0,34.16
2023-09-21 16:00:00,-4.9,0,33.5,5.6829874836116145,164.03380821593618,0,23.18
2023-09-22 03:00:00,-6.2,0,32.7,65.95617303714603,73.45132293299648,0,20.84
2023-09-22 06:00:00,-4.9,5,46.2,-12.60266145820925,-89.16669499134493,0,23.18
2023-09-22 11:00:00,-1.3,0,30.0,53.552528153367454,77.75448967502068,0,29.66
2023-09-23 05:00:00,-9.1,0,36.1,-50.31971923582459,-115.14288681625708,0,15.620000000000001
2023-09-24 00:00:00,-0.6,0,38.7,11.50072578997242,149.43544361641077,0,30.92
2023-09-24 02:00:00,2.8,0,47.6,45.62497991872741,-60.417892057776285,0,37.04
2023-09-24 02:00:00,-6.8,0,47.1,68.04603231200225,53.38710982756855,0,19.76
2023-09-24 20:00:00,-2.0,0,30.0,-8.989444903279454,36.090507635849896,0,28.4
2023-09-25 11:00:00,-10.6,0,30.0,-5.103091664892833,153.98846390714664,0,12.920000000000002
2023-09-25 13:00:00,-6.5,0,34.8,54.977407748276235,-58.023546327789354,0,20.3
2023-09-26 02:00:00,-2.9,0,30.0,14.985430616260215,89.49913508945966,0,26.78
2023-09-26 07:00:00,-4.8,0,40.2,19.284350559043848,-126.7349997206139,0,23.36
2023-09-26 16:00:00,-5.9,0,30.0,-81.29471201121945,161.41303900401084,0,21.38
2023-09-26 16:00:00,-7.3,0,48.1,57.776583113845355,-179.7847420194737,0,18.86
2023-09-27 08:00:00,-4.2,0,34.2,-30.54875984962481,-3.677087524233329,0,24.439999999999998
2023-09-29 00:00:00,-9.3,0,39.0,-7.27486970154785,178.90179026820107,0,15.259999999999998
2023-09-29 09:00:00,-2.9,0,33.0,14.963439437925032,-36.00611341431533,0,26.78
2023-09-30 02:00:00,-3.0,0,30.0,69.22563988133047,108.86464240247672,0,26.6
2023-09-30 11:00:00,-0.3,0,30.0,-63.55405375492126,-102.96191566860712,0,31.46
2023-10-01 07:00:00,-3.1,0,33.3,59.157523101292064,139.47283273332968,0,26.42
2023-10-01 13:00:00,-0.6,0,32.7,-40.7447247850611,58.68979334033306,0,30.92
2023-10-01 16:00:00,-3.8,0,30.0,56.470201870000935,128.82880206629602,0,25.16
2023-10-02 01:00:00,-4.7,0,30.0,-25.342425543115738,147.31276903433533,0,23.54
2023-10-02 04:00:00,-7.4,0,61.4,-40.05635764950827,-109.54344956412632,0,18.68
2023-10-02 15:00:00,-0.8,0,30.0,20.723245297415968,-111.88951473947223,0,30.56
2023-10-02 16:00:00,-6.7,0,33.6,-41.7286138059156,-148.27160484839106,0,19.939999999999998
2023-10-03 00:00:00,1.9,0,39.0,12.889376906929892,127.19418719997098,0,35.42
2023-10-04 03:00:00,-6.8,0,30.0,-61.15939182422887,24.82397398146627,0,19.76
2023-10-04 07:00:00,-3.3,0,44.3,14.005269045195243,152.13735255382483,0,26.060000000000002
2023-10-04 12:00:00,-1.5,0,44.6,25.37379505777639,138.3636340696635,0,29.3
2023-10-04 19:00:00,-4.6,0,30.0,-65.61728337695565,62.55224272227232,0,23.72
2023-10-05 03:00:00,-7.5,0,35.1,72.04754001637266,-5.171652571197463,0,18.5
2023-10-05 13:00:00,-5.0,0,30.0,49.8688714173161,-130.274894469511,0,23.0
2023-10-05 16:00:00,-7.5,0,34.6,16.963528915547496,-5.393524491345154,0,18.5
2023-10-05 21:00:00,-3.8,10,30.0,-30.245129147547814,-163.7455088115749,0,25.16
2023-10-07 17:00:00,-2.9,0,30.0,-72.28364596175362,-110.7871493514869,0,26.78
2023-10-08 13:00:00,-1.3,5,34.1,-82.06814491733135,130.83536800417843,0,29.66
2023-10-08 16:00:00,-6.5,5,37.0,34.07587417848425,-97.8007491473001,0,20.3
2023-10-08 22:00:00,-5.1,0,30.1,-71.41229840249129,101.93811513253098,0,22.82
2023-10-08 23:00:00,-9.7,0,30.0,-14.905184658376234,147.43745028436982,0,14.54
2023-10-09 00:00:00,-8.0,0,30.0,-80.7671071833812,53.44724048408535,0,17.6
2023-10-09 07:00:00,-6.4,10,37.4,-48.35148545216735,116.6391546767922,0,20.48
2023-10-09 13:00:00,-6.4,0,30.0,57.114956198382615,18.23776532516313,0,20.48
2023-10-10 05:00:00,-5.4,0,35.7,68.98924825672029,117.52725941718585,0,22.28
2023-10-10 07:00:00,-8.8,0,30.0,-47.35200151680324,-72.6219164757158,0,16.16
2023-10-10 14:00:00,-4.3,0,30.0,-37.19638414061823,-65.50573978997284,0,24.26
2023-10-10 23:00:00,-7.4,0,30.0,-75.79090746962,178.4644027384763,0,18.68
2023-10-11 01:00:00,-5.1,0,30.0,43.4954613304876,171.56196839624553,0,22.82
2023-10-11 11:00:00,-6.4,0,30.0,-63.1350954465347,133.07388653238166,0,20.48
2023-10-11 22:00:00,-6.2,0,30.0,-51.06010002645113,-177.7738238492772,0,20.84
2023-10-12 15:00:00,-4.3,5,32.1,-89.99447060783116,-107.35381862911552,0,24.26
2023-10-12 23:00:00,-5.0,0,40.4,-13.29817716859846,-165.86458140648233,0,23.0
2023-10-13 03:00:00,-2.4,0,30.0,-18.120135564139936,163.19058032965413,0,27.68
2023-10-13 08:00:00,-5.3,0,34.5,13.838616236017522,167.8587471893469,0,22.46
2023-10-13 08:00:00,-4.5,0,30.0,59.51209687772243,-101.668341624608,0,23.9
2023-10-13 10:00:00,-3.6,0,44.4,58.62797128092006,124.60471579088336,0,25.52
2023-10-14 01:00:00,-8.6,0,37.0,-82.74860661996027,165.1938743485476,0,16.520000000000003
2023-10-14 03:00:00,-1.7,0,54.6,-18.8533232223916,-42.435541994409654,0,28.94
2023-10-14 06:00:00,0.1,0,44.7,57.72530893802028,139.74888587806947,0,32.18
2023-10-14 14:00:00,-4.4,0,32.7,-55.69023004659904,131.77284301647234,0,24.08
2023-10-15 00:00:00,-1.4,0,36.9,-58.12519402848783,-64.53591036783436,0,29.48
2023-10-15 03:00:00,-6.1,0,30.0,-50.31222490534513,-119.10171821672871,0,21.02
2023-10-15 06:00:00,-5.2,0,40.9,10.221283967073829,111.17747645700624,0,22.64
2023-10-15 10:00:00,-4.5,0,30.3,-73.12022527373703,-130.5719882223947,0,23.9
2023-10-15 19:00:00,-1.2,0,40.3,-78.83338254681932,168.0142104066458,0,29.84
2023-10-16 04:00:00,-5.0,0,30.0,9.479208199814677,-96.39911127551647,0,23.0
2023-10-17 10:00:00,-5.1,0,35.9,-2.1898226620777517,64.46397761842945,0,22.82
2023-10-17 10:00:00,-2.9,0,30.0,-63.6414738114931,-127.02122960581968,0,26.78
2023-10-17 19:00:00,-5.3,0,30.0,-54.24397615846696,-131.97011921164545,0,22.46
2023-10-18 10:00:00,-7.4,0,31.4,5.632923303167747,-159.93329270852098,0,18.68
2023-10-18 14:00:00,-1.7,5,30.0,82.43025478670477,13.759236672651088,0,28.94
2023-10-18 18:00:00,-7.9,0,30.0,-34.84209191339312,168.2176285333071,0,17.779999999999998
2023-10-18 19:00:00,-2.3,0,43.1,25.91218430057043,-70.8408778160698,0,27.86
2023-10-18 21:00:00,-3.8,20,30.0,23.662582664943713,69.44720796891637,0,25.16
2023-10-18 21:00:00,-8.9,0,30.0,-76.10624455923576,-15.155893754254288,0,15.979999999999997
2023-10-19 04:00:00,-5.3,0,36.0,-74.51421173407023,133.0321218533927,0,22.46
2023-10-19 14:00:00,-6.3,0,30.0,28.559043889158055,-58.560980815524424,0,20.66
2023-10-19 22:00:00,-4.7,0,47.4,-76.17545130340413,-110.87420949358678,0,23.54
2023-10-20 06:00:00,-1.1,0,30.0,51.19298517830352,83.93773612924785,0,30.02
2023-10-20 10:00:00,-9.8,5,30.0,-28.420628244553075,100.0966703339517,0,14.36
2023-10-20 12:00:00,2.2,0,40.7,-26.852560319697194,-77.69365354377764,0,35.96
2023-10-20 15:00:00,-7.2,0,37.5,-80.95625823186322,-14.076598245630525,0,19.04
2023-10-20 19:00:00,-2.6,0,45.0,-42.615477626757986,65.71457235617655,0,27.32
2023-10-21 23:00:00,-6.1,0,30.0,-69.0150465799746,-55.5913490865073,0,21.02
2023-10-22 13:00:00,-0.3,0,30.0,15.401471182794335,108.66246064301014,0,31.46
2023-10-23 10:00:00,1.7,5,33.0,-42.13287888621862,137.1222577961109,0,35.06
2023-10-23 18:00:00,-1.9,0,38.4,61.04638945273545,-56.855003523280075,0,28.580000000000002
2023-10-24 00:00:00,-1.3,0,39.7,-64.25979792016925,-157.5247221799991,0,29.66
2023-10-24 01:00:00,-6.1,0,30.0,60.29049702499267,-161.54515469664065,0,21.02
2023-10-24 01:00:00,-1.9,0,30.0,-64.20933743352461,92.79956173505686,0,28.580000000000002
2023-10-24 03:00:00,0.8,0,39.1,-81.06941279900926,136.5406402165224,0,33.44
2023-10-24 05:00:00,0.7,0,30.0,26.961848417573925,136.74158925892843,0,33.26
2023-10-24 12:00:00,-5.4,0,30.0,-58.47783477653642,129.1313236480466,0,22.28
2023-10-24 16:00:00,-2.3,0,33.4,28.71107669723888,-98.28772579025244,0,27.86
2023-10-24 20:00:00,-4.5,5,34.4,-2.4965126613136657,162.85923086354086,0,23.9
2023-10-24 21:00:00,-2.6,10,31.8,-82.45526099107364,-72.03686652196696,0,27.32
2023-10-25 05:00:00,-5.4,0,30.0,80.27476017220788,78.48510412572055,0,22.28
2023-10-25 10:00:00,-4.5,5,34.3,67.52405135180739,166.34105961888656,0,23.9
2023-10-25 11:00:00,-1.9,0,51.8,59.870119198703605,-103.1245723834771,0,28.580000000000002
2023-10-25 12:00:00,-6.2,0,30.0,26.20299265693704,132.47266562312504,0,20.84
2023-10-25 16:00:00,-0.1,5,30.0,-1.8640663142341252,-40.93642614760372,0,31.82
2023-10-25 19:00:00,-0.5,0,34.6,64.76304146609621,95.70911179850712,0,31.1
2023-10-25 23:00:00,-7.0,0,35.4,-39.53974454074575,-86.83473298877136,0,19.4
2023-10-26 09:00:00,-1.2,15,30.0,-44.039452722616055,-59.475944919355506,0,29.84
2023-10-26 12:00:00,-6.6,5,36.4,-60.593983488284366,97.97472994170172,0,20.12
2023-10-26 19:00:00,-4.3,5,37.8,-28.19039360802404,-55.7939376271562,0,24.26
2023-10-28 10:00:00,3.6,0,32.2,-56.766157677473544,-176.4321496231847,0,38.48
2023-10-28 14:00:00,-7.6,10,33.6,73.90902909859591,79.33823949112048,0,18.32
2023-10-29 12:00:00,-2.4,0,34.4,41.2090560189283,44.461912049041395,0,27.68
2023-10-29 20:00:00,-3.0,0,39.0,42.831170531566585,81.39054653418617,0,26.6
2023-10-30 01:00:00,-0.9,0,30.0,-54.87002690064293,-32.154252116298174,0,30.38
2023-10-30 04:00:00,-0.0,0,30.0,-41.04817930832424,21.318527436644928,0,32.0
2023-10-30 06:00:00,-5.8,0,30.0,-61.88372857249213,-120.14808107410776,0,21.560000000000002
2023-10-30 17:00:00,-6.1,0,32.0,24.06808795779523,-174.22986367615567,0,21.02
2023-10-31 06:00:00,-3.9,0,32.8,-1.337567264406434,52.41692774102818,0,24.98
2023-11-01 07:00:00,-4.9,0,30.0,-85.68967225131297,-63.78847435877388,0,23.18
2023-11-01 17:00:00,-4.3,0,30.0,-68.41960317491183,-6.036452684843345,0,24.26
2023-11-03 06:00:00,0.1,15,30.1,-50.722643780609,-127.18975895453464,0,32.18
2023-11-03 07:00:00,-4.9,15,30.0,-33.501946227295086,63.21123848427796,0,23.18
2023-11-03 13:00:00,-3.0,0,30.0,-34.701044936171236,-3.9425758382580423,0,26.6
2023-11-03 13:00:00,-3.3,0,39.7,63.10341504272088,-59.60069023748253,0,26.060000000000002
2023-11-04 00:00:00,2.9,0,30.0,-45.565735032768075,68.99162471039455,0,37.22
2023-11-04 15:00:00,-2.1,0,30.0,-62.73980605163568,38.12285346461388,0,28.22
2023-11-05 05:00:00,-4.7,0,36.8,-10.433984232397766,4.541487877151971,0,23.54
2023-11-05 05:00:00,-4.1,0,39.3,-79.2102058449645,1.7681224500501314,0,24.62
2023-11-05 12:00:00,0.4,0,30.0,58.25224993481523,52.39236830778801,0,32.72
2023-11-05 20:00:00,-3.9,15,30.0,-79.76134840002362,69.01924108848797,0,24.98
2023-11-06 00:00:00,0.7,0,31.7,66.72042614259318,0.2085542750992619,0,33.26
2023-11-06 00:00:00,0.6,0,30.0,-86.23185879118802,1.6694236718765645,0,33.08
2023-11-06 02:00:00,1.0,0,31.9,18.91611333729691,-33.967706598994496,0,33.8
2023-11-06 07:00:00,-0.3,0,41.2,-70.94262272163672,-67.06687508742375,0,31.46
2023-11-06 23:00:00,-1.2,0,30.0,-8.28181598405418,-38.320079001726405,0,29.84
2023-11-07 05:00:00,-5.7,0,43.2,-4.076928337967763,-108.28091309865246,0,21.74
2023-11-07 16:00:00,-1.9,5,40.3,-60.40700476580183,74.29391885159859,0,28.580000000000002
2023-11-08 01:00:00,-5.9,0,30.0,-75.58096921027159,40.08299624918143,0,21.38
2023-11-08 10:00:00,-8.8,0,30.0,-16.477995346473133,125.11714789970507,0,16.16
2023-11-08 19:00:00,-6.1,10,30.0,-46.70431466757323,-23.257323576089487,0,21.02
2023-11-09 06:00:00,-5.5,0,30.0,74.04105421415353,-32.136644343235666,0,22.1
2023-11-09 13:00:00,-3.3,0,42.3,15.217760386702473,-15.520294174583928,0,26.060000000000002
2023-11-09 15:00:00,-4.9,0,41.7,77.47171563047858,-124.86797996977576,0,23.18
2023-11-09 16:00:00,0.8,0,30.0,-12.76877352552013,41.10704795484409,0,33.44
2023-11-09 18:00:00,-4.1,0,30.0,31.09763059424401,128.6031374531248,0,24.62
2023-11-09 21:00:00,-3.4,0,32.2,7.428619969502057,24.914326726593966,0,25.880000000000003
2023-11-10 09:00:00,-4.9,0,30.7,-40.33391501150157,-94.82047822529736,0,23.18
2023-11-11 15:00:00,2.7,0,52.6,12.757935031105722,102.01939919850182,0,36.86
2023-11-11 16:00:00,0.4,0,37.4,17.88475050758981,170.9655382116846,0,32.72
2023-11-11 16:00:00,-3.9,0,49.3,31.74499221709034,39.73068281453652,0,24.98
2023-11-11 18:00:00,2.0,0,30.0,-15.984452001141754,-165.97517531455287,0,35.6
2023-11-12 03:00:00,-7.4,0,30.0,-80.89684131163881,-179.6603705036528,0,18.68
2023-11-12 08:00:00,-4.5,0,39.9,7.982079774177797,-62.56061748686465,0,23.9
2023-11-12 16:00:00,-5.4,0,39.7,87.91577891342659,-43.29453426420645,0,22.28
2023-11-12 19:00:00,0.1,0,32.1,19.81942596652224,-59.8404250548728,0,32.18
2023-11-14 23:00:00,-3.2,5,30.0,7.253893217069942,-113.74388206192312,0,26.240000000000002
2023-11-15 03:00:00,-0.5,15,30.0,-61.07767475186787,121.98739028546478,0,31.1
2023-11-15 04:00:00,-2.4,0,46.3,78.19794697561946,-108.87987395574784,0,27.68
2023-11-15 06:00:00,0.0,0,30.0,-58.77071093609604,-163.00918738894356,0,32.0
2023-11-15 12:00:00,1.8,0,33.5,-10.061359756808647,-172.43670348491014,0,35.24
2023-11-15 13:00:00,0.1,0,30.0,-26.78051027721944,130.11049659438626,0,32.18
2023-11-15 16:00:00,1.8,0,38.6,38.888995183586005,-15.109698029807298,0,35.24
2023-11-16 09:00:00,-4.4,0,30.0,67.25133517269876,-19.50280206227418,0,24.08
2023-11-16 15:00:00,-2.6,0,30.0,62.99267949057697,-70.38344723254906,0,27.32
2023-11-16 23:00:00,5.9,0,35.8,-68.63236280835994,-2.5354902038903804,0,42.620000000000005
2023-11-17 06:00:00,2.9,5,37.7,34.56909954715407,-47.9956033069267,0,37.22
2023-11-17 08:00:00,3.1,0,30.0,-75.48922706947168,102.06054093164718,0,37.58
2023-11-17 10:00:00,0.3,0,37.1,26.682024385412287,-75.2843324766303,0,32.54
2023-11-17 13:00:00,-0.8,0,30.0,80.81652006846025,167.9839995225987,0,30.56
2023-11-17 18:00:00,1.8,0,34.2,-14.562094874924652,47.42007059757026,0,35.24
2023-11-18 21:00:00,-4.6,0,42.7,17.741338779196795,178.3517446531642,0,23.72
2023-11-19 01:00:00,4.6,0,35.0,70.31852198313163,52.70665508211203,0,40.28
2023-11-19 04:00:00,0.4,20,30.0,9.208793144946972,118.64257764589794,0,32.72
2023-11-19 12:00:00,2.5,10,30.3,-64.5797621928331,-108.49261900972712,0,36.5
2023-11-20 07:00:00,4.3,0,50.8,-49.918305757844706,-19.8531241820853,0,39.74
2023-11-20 09:00:00,0.6,20,31.6,38.1846682585089,147.17753917807042,0,33.08
2023-11-20 21:00:00,1.0,0,38.0,-86.55201260077448,171.28037467761575,0,33.8
2023-11-20 22:00:00,-1.8,0,30.0,79.12234602452983,-176.21523916500473,0,28.76
2023-11-20 22:00:00,-1.6,0,30.0,-72.35861673946661,25.63170622664893,0,29.12
2023-11-21 08:00:00,-1.2,0,42.3,89.37473558375144,-155.50656692699891,0,29.84
2023-11-21 22:00:00,-0.2,5,52.4,54.97781927399754,-9.563162624992293,0,31.64
2023-11-21 22:00:00,6.2,0,34.8,52.88725870344714,169.1347912681625,0,43.16
2023-11-22 20:00:00,-1.1,0,44.2,13.56465116323774,6.483755295395253,0,30.02
2023-11-23 12:00:00,2.9,0,35.9,-36.01042744013592,177.16883021228978,0,37.22
2023-11-23 15:00:00,-3.3,0,45.8,72.7847594988943,78.73852077439285,0,26.060000000000002
2023-11-24 00:00:00,7.6,0,53.9,83.83449776755455,-120.15742966140286,0,45.68
2023-11-24 08:00:00,6.3,0,30.0,-47.92665743338603,92.22920427844096,0,43.34
2023-11-24 10:00:00,1.0,0,30.0,-76.18354886002716,67.59691429166453,0,33.8
2023-11-24 17:00:00,-0.2,0,49.1,-6.239351890892511,-22.35604062855158,0,31.64
2023-11-26 10:00:00,1.6,0,30.4,-15.985714343491605,44.416643745566546,0,34.88
2023-11-26 19:00:00,-2.7,0,32.7,28.696133174759563,81.94720957188792,0,27.14
2023-11-27 05:00:00,0.1,0,34.1,-34.83657575229234,79.25668593513849,0,32.18
2023-11-27 09:00:00,5.5,0,45.1,-46.67930734371245,123.7726309169902,0,41.9
2023-11-27 12:00:00,4.1,0,30.0,-28.72591989943326,121.1191892891531,0,39.38
2023-11-28 11:00:00,-0.8,10,30.0,18.635185170201773,-12.586919680472416,0,30.56
2023-11-28 15:00:00,6.4,0,32.1,83.42639054537895,78.36341680565985,0,43.519999999999996
2023-11-28 22:00:00,5.9,0,30.0,-66.02721737984578,140.0402198932797,0,42.620000000000005
2023-11-29 00:00:00,8.4,0,30.9,-75.31223039912909,-85.5329844638513,0,47.120000000000005
2023-11-29 01:00:00,2.9,0,33.2,-15.454607721180082,-76.49596822184675,0,37.22
2023-11-29 04:00:00,-1.2,0,30.0,36.11006935100129,-80.79596052869574,0,29.84
2023-11-29 07:00:00,-4.4,0,40.8,68.32826940811717,-50.51679795969561,0,24.08
2023-11-30 10:00:00,-2.9,0,43.4,-30.918040977898904,167.63003109604816,0,26.78
2023-11-30 15:00:00,7.7,15,50.4,54.17652607260568,-29.737878361506738,0,45.86
2023-11-30 18:00:00,0.1,0,53.6,69.27392118528078,-28.010795802955897,0,32.18
2023-11-30 20:00:00,-0.5,0,34.7,-54.66702558400793,-138.97228063707317,0,31.1
2023-11-30 22:00:00,0.8,0,30.3,-50.77955166718608,5.307189752440755,0,33.44
2023-12-01 07:00:00,3.2,0,30.0,-11.908093886056044,-144.94791823516042,0,37.76
2023-12-01 12:00:00,5.1,0,51.3,52.5944150643017,148.6082881468302,0,41.18
2023-12-01 14:00:00,2.9,10,36.8,-28.92505188427786,70.97985154452614,0,37.22
2023-12-01 15:00:00,2.5,0,38.2,-85.9383878930375,51.806864544395296,0,36.5
2023-12-02 04:00:00,9.3,0,30.0,-82.93150543650259,138.4123419348333,0,48.74
2023-12-03 11:00:00,0.7,0,49.6,-64.3398200940392,-20.361922979024143,0,33.26
2023-12-04 08:00:00,2.5,0,49.9,-25.0065492586133,99.64743739510706,0,36.5
2023-12-04 09:00:00,3.3,10,46.5,-15.331382006156645,20.76792882676298,0,37.94
2023-12-04 17:00:00,-0.0,0,50.7,-23.008814055558513,-34.08287016709679,0,32.0
2023-12-04 19:00:00,3.7,0,49.7,0.2732328630299485,154.3708658476387,0,38.660000000000004
2023-12-05 09:00:00,1.9,5,52.1,10.417261618813171,3.993775730063285,0,35.42
2023-12-06 04:00:00,1.8,0,47.0,70.18440774531526,20.941626200558662,0,35.24
2023-12-06 14:00:00,5.1,0,61.2,73.26755287470392,67.40436364584585,0,41.18
2023-12-06 15:00:00,-0.8,0,30.0,32.34549903000215,-114.54564497855804,0,30.56
2023-12-06 22:00:00,2.0,0,30.0,-64.17549773675638,-11.62057825038568,0,35.6
2023-12-08 02:00:00,4.5,5,50.2,-22.581316191675377,-4.977484522242119,0,40.1
2023-12-08 06:00:00,-0.3,0,38.4,77.15350118077093,-179.918266241428,0,31.46
2023-12-08 10:00:00,4.0,0,32.2,-17.63510096011667,143.7296105841129,0,39.2
2023-12-08 11:00:00,3.5,0,34.4,71.62835281987265,-119.51278121063572,0,38.3
2023-12-08 18:00:00,6.5,0,40.0,41.180049801116546,37.15670235582155,0,43.7
2023-12-09 01:00:00,7.6,0,43.2,54.54213867473769,79.36442692659223,0,45.68
2023-12-09 12:00:00,5.9,0,72.5,81.82186719458593,-133.5343511048827,0,42.620000000000005
2023-12-10 02:00:00,4.0,0,30.0,-52.10875086023827,-118.14139427124296,0,39.2
2023-12-10 02:00:00,6.5,0,36.0,-18.73129928472903,-28.53483747529795,0,43.7
2023-12-10 05:00:00,2.4,0,33.7,-79.45824504878391,140.8104330456634,0,36.32
2023-12-10 09:00:00,5.3,15,53.2,54.749801697099144,-31.98803886720466,0,41.54
2023-12-10 17:00:00,9.0,0,38.2,-12.377903437519585,-151.97165294084294,0,48.2
2023-12-10 22:00:00,7.8,0,44.7,26.77776950868947,-110.63649726478788,0,46.04
2023-12-11 00:00:00,4.6,0,34.1,-21.60376578622897,-11.319481947191528,0,40.28
2023-12-11 17:00:00,6.7,5,55.6,35.48946458483648,12.725196502196424,0,44.06
2023-12-12 10:00:00,1.1,0,52.8,13.856690235182736,-161.93687388480936,0,33.98
2023-12-12 11:00:00,6.2,0,50.6,42.14722662749632,-166.87402170277736,0,43.16
2023-12-12 11:00:00,7.1,5,41.6,-28.805064517215328,34.57804167394209,0,44.78
2023-12-12 14:00:00,6.7,0,40.5,-43.83664901698212,-26.460090992929995,0,44.06
2023-12-12 15:00:00,7.5,0,42.1,73.65154752964543,-20.093973523788044,0,45.5
2023-12-13 01:00:00,13.3,0,31.3,-75.72954876638549,-113.65149709796434,0,55.94
2023-12-13 02:00:00,8.8,10,30.0,-19.233516691077263,27.5561963824104,0,47.84
2023-12-14 02:00:00,7.5,0,41.9,2.930993855581323,28.738647377181003,0,45.5
2023-12-14 04:00:00,3.7,0,49.3,58.77919335446356,-75.11001377841198,0,38.660000000000004
2023-12-14 05:00:00,6.4,20,51.4,10.267292389506322,-49.49928556865526,0,43.519999999999996
2023-12-15 03:00:00,7.9,0,47.9,-16.25888352734656,-153.84038847078358,0,46.22
2023-12-16 08:00:00,2.3,0,51.0,-29.14480631407295,-60.21738845626353,0,36.14
2023-12-16 11:00:00,2.8,0,45.1,18.4408995539858,86.98582348268,0,37.04
2023-12-16 14:00:00,6.6,0,36.7,84.55025390363586,16.067113598568895,0,43.879999999999995
2023-12-16 15:00:00,3.9,5,38.7,-2.87629694830726,-121.78996082136472,0,39.02
2023-12-16 23:00:00,7.9,0,50.1,45.21188465172769,-54.42051331489316,0,46.22
2023-12-17 07:00:00,0.5,20,38.7,88.10120357371017,92.89455156403794,0,32.9
2023-12-18 10:00:00,3.5,0,62.4,-5.086829246680969,-74.18996621822384,0,38.3
2023-12-18 13:00:00,5.9,5,44.9,-67.40103781827412,51.39986885277404,0,42.620000000000005
2023-12-18 13:00:00,12.3,0,36.3,-65.7762719212606,-134.5984839448522,0,54.14
2023-12-18 19:00:00,12.4,0,39.0,62.659662302813416,34.33189325647416,0,54.32
2023-12-18 22:00:00,14.0,0,48.7,11.883316479807773,-176.72866741756212,0,57.2
2023-12-19 08:00:00,9.4,0,44.6,-33.50241058995531,0.0209733087912145,0,48.92
2023-12-19 10:00:00,12.8,15,36.9,-29.80778778202524,-137.02283591824914,0,55.04
2023-12-19 15:00:00,8.3,0,44.5,-7.5727810018749775,127.41943757106704,0,46.94
2023-12-19 19:00:00,4.0,0,34.7,8.797104277667957,-62.57870851382874,0,39.2
2023-12-19 22:00:00,11.4,0,34.4,-61.86294527240504,-160.9823929087001,0,52.52
2023-12-20 00:00:00,8.9,0,42.7,15.838493303489898,-142.4472885533224,0,48.02
2023-12-20 20:00:00,1.2,5,30.0,-74.33690070549802,-65.9006561637787,0,34.16
2023-12-20 20:00:00,6.1,0,35.4,-60.85385880620153,130.66546439268663,0,42.980000000000004
2023-12-20 21:00:00,8.4,0,46.3,73.51821933828755,-67.34896270962386,0,47.120000000000005
2023-12-20 21:00:00,2.0,5,58.7,-8.686894323340113,17.898211858791978,0,35.6
2023-12-20 22:00:00,9.2,0,44.9,58.239400790127426,115.06495303715216,0,48.56
2023-12-21 18:00:00,11.8,0,35.2,18.784677548658795,-98.18602071852158,0,53.24
2023-12-21 18:00:00,6.4,0,41.2,41.15813116258848,-31.999169881854503,0,43.519999999999996
2023-12-22 02:00:00,5.2,0,46.4,-42.21064666276698,173.78623472773896,0,41.36
2023-12-22 08:00:00,6.7,5,40.2,71.20131266373097,-57.151998087220576,0,44.06
2023-12-22 14:00:00,8.6,0,30.0,-20.770006323821725,-123.92162619113874,0,47.48
2023-12-22 23:00:00,10.0,0,53.6,-28.323873625946124,-78.01761474267217,0,50.0
2023-12-23 13:00:00,5.8,0,38.0,42.18582176859931,-5.317035924471778,0,42.44
2023-12-24 00:00:00,8.8,0,34.5,41.94001930007218,114.79293738736976,0,47.84
2023-12-24 14:00:00,14.7,10,61.9,86.07972033478049,-108.32636882306676,0,58.459999999999994
2023-12-24 17:00:00,9.6,0,58.9,-43.01126527772735,151.44890428030303,0,49.28
2023-12-24 19:00:00,7.6,0,37.8,88.6647231877974,36.20995091536897,0,45.68
2023-12-25 11:00:00,10.4,0,40.5,16.880513749821397,95.8483701937364,0,50.72
2023-12-25 16:00:00,9.1,0,61.3,-87.67845543788542,-71.65212493261619,0,48.379999999999995
2023-12-26 00:00:00,11.0,0,56.5,-16.67420564169018,99.3158116090895,0,51.8
2023-12-26 07:00:00,9.0,0,61.3,-23.869668834527317,-90.52566446612664,0,48.2
2023-12-26 17:00:00,0.8,0,55.1,-70.55197931224671,171.5823494334033,0,33.44
2023-12-27 07:00:00,8.7,0,66.2,17.873871661149963,6.749224961295401,0,47.66
2023-12-27 11:00:00,11.5,0,37.3,15.269006035042356,-87.0812484575707,0,52.7
2023-12-27 17:00:00,5.9,10,50.2,12.235373516894493,48.56639729513861,0,42.620000000000005
2023-12-28 08:00:00,13.9,0,56.2,85.44430728873927,-35.32454235477377,0,57.02
2023-12-29 02:00:00,11.2,0,49.7,14.516140663734134,-78.28190369329,0,52.16
2023-12-29 10:00:00,9.1,0,48.0,12.9592580910467,-38.29121270012085,0,48.379999999999995
2023-12-29 13:00:00,9.8,0,51.2,-71.9557985298822,105.81664804266649,0,49.64
2023-12-30 05:00:00,11.6,5,64.2,33.09596133036178,-81.36428419081014,0,52.879999999999995
2023-12-30 13:00:00,10.9,0,42.1,-87.07618022229833,-44.28497977673701,0,51.620000000000005
